ID,T (generations),Î± (fertility),N (founders),B (blocks),d (deterministic),Grader threshold,Algorithm,N1,B1,N2,B2,N3,B3,N4,B4
2701,5,8,20,2000,1,0.5,0.001,99,99,85,78,45,40,0,0
2701,5,8,20,2000,1,0.5,0.01,99,99,85,78,42,38,0,0
2701,5,8,20,2000,1,0.5,P,99,99,85,78,30,26,0,0
2701,5,8,20,2000,1,0.5,R,99,99,85,72,20,9,0,0
2701,5,8,20,2000,1,0.75,0.001,99,99,58,55,0,0,0,0
2701,5,8,20,2000,1,0.75,0.01,99,99,58,55,0,0,0,0
2701,5,8,20,2000,1,0.75,P,99,99,58,55,0,0,0,0
2701,5,8,20,2000,1,0.75,R,99,99,60,52,2,1,0,0
2701,5,8,20,2000,1,1,0.001,98,98,33,32,0,0,0,0
2701,5,8,20,2000,1,1,0.01,98,98,33,32,0,0,0,0
2701,5,8,20,2000,1,1,P,98,98,33,32,0,0,0,0
2701,5,8,20,2000,1,1,R,98,98,29,26,0,0,0,0
2702,5,8,20,2000,1,0.5,0.001,99,98,78,71,22,20,0,0
2702,5,8,20,2000,1,0.5,0.01,99,98,78,71,17,16,0,0
2702,5,8,20,2000,1,0.5,P,99,98,81,73,30,26,0,0
2702,5,8,20,2000,1,0.5,R,99,98,78,65,12,6,0,0
2702,5,8,20,2000,1,0.75,0.001,99,98,42,40,0,0,0,0
2702,5,8,20,2000,1,0.75,0.01,99,98,42,40,0,0,0,0
2702,5,8,20,2000,1,0.75,P,99,98,42,39,0,0,0,0
2702,5,8,20,2000,1,0.75,R,99,98,42,37,0,0,0,0
2702,5,8,20,2000,1,1,0.001,98,98,20,19,0,0,0,0
2702,5,8,20,2000,1,1,0.01,98,98,20,19,0,0,0,0
2702,5,8,20,2000,1,1,P,98,98,18,17,0,0,0,0
2702,5,8,20,2000,1,1,R,98,98,20,18,0,0,0,0
2703,5,8,20,2000,1,0.5,0.001,100,99,85,78,35,31,0,0
2703,5,8,20,2000,1,0.5,0.01,100,99,85,78,32,29,0,0
2703,5,8,20,2000,1,0.5,P,100,99,85,78,35,31,0,0
2703,5,8,20,2000,1,0.5,R,100,99,87,74,20,9,0,0
2703,5,8,20,2000,1,0.75,0.001,100,99,55,52,0,0,0,0
2703,5,8,20,2000,1,0.75,0.01,100,99,55,52,0,0,0,0
2703,5,8,20,2000,1,0.75,P,100,99,54,51,2,2,0,0
2703,5,8,20,2000,1,0.75,R,100,99,55,48,0,0,0,0
2703,5,8,20,2000,1,1,0.001,99,99,28,27,0,0,0,0
2703,5,8,20,2000,1,1,0.01,99,99,28,27,0,0,0,0
2703,5,8,20,2000,1,1,P,99,99,26,25,0,0,0,0
2703,5,8,20,2000,1,1,R,99,99,30,27,0,0,0,0
2704,5,8,20,2000,1,0.5,0.001,99,98,85,79,32,29,0,0
2704,5,8,20,2000,1,0.5,0.01,99,98,85,79,52,46,0,0
2704,5,8,20,2000,1,0.5,P,99,98,85,78,40,34,0,0
2704,5,8,20,2000,1,0.5,R,99,98,80,69,22,11,0,0
2704,5,8,20,2000,1,0.75,0.001,99,98,56,54,2,2,0,0
2704,5,8,20,2000,1,0.75,0.01,99,98,56,54,2,2,0,0
2704,5,8,20,2000,1,0.75,P,99,98,56,54,2,2,0,0
2704,5,8,20,2000,1,0.75,R,99,98,56,49,0,0,0,0
2704,5,8,20,2000,1,1,0.001,97,96,30,28,0,0,0,0
2704,5,8,20,2000,1,1,0.01,97,96,30,28,0,0,0,0
2704,5,8,20,2000,1,1,P,97,96,30,28,0,0,0,0
2704,5,8,20,2000,1,1,R,97,96,33,30,0,0,0,0
2705,5,8,20,2000,1,0.5,0.001,99,99,81,75,30,27,0,0
2705,5,8,20,2000,1,0.5,0.01,99,99,81,75,37,34,0,0
2705,5,8,20,2000,1,0.5,P,99,99,81,74,35,30,0,0
2705,5,8,20,2000,1,0.5,R,99,99,84,72,25,13,0,0
2705,5,8,20,2000,1,0.75,0.001,98,98,51,49,0,0,0,0
2705,5,8,20,2000,1,0.75,0.01,98,98,51,49,2,2,0,0
2705,5,8,20,2000,1,0.75,P,98,98,51,48,5,4,0,0
2705,5,8,20,2000,1,0.75,R,98,98,56,50,2,1,0,0
2705,5,8,20,2000,1,1,0.001,96,96,31,30,0,0,0,0
2705,5,8,20,2000,1,1,0.01,96,96,31,30,0,0,0,0
2705,5,8,20,2000,1,1,P,96,96,31,30,2,2,0,0
2705,5,8,20,2000,1,1,R,96,96,31,29,0,0,0,0
2706,5,8,20,2000,1,0.5,0.001,99,98,76,69,12,11,0,0
2706,5,8,20,2000,1,0.5,0.01,99,98,76,69,15,13,0,0
2706,5,8,20,2000,1,0.5,P,99,98,76,69,22,19,0,0
2706,5,8,20,2000,1,0.5,R,99,98,78,66,12,6,0,0
2706,5,8,20,2000,1,0.75,0.001,98,98,39,37,0,0,0,0
2706,5,8,20,2000,1,0.75,0.01,98,98,39,37,0,0,0,0
2706,5,8,20,2000,1,0.75,P,98,98,39,37,2,2,0,0
2706,5,8,20,2000,1,0.75,R,98,98,43,37,0,0,0,0
2706,5,8,20,2000,1,1,0.001,97,96,19,18,0,0,0,0
2706,5,8,20,2000,1,1,0.01,97,96,19,18,0,0,0,0
2706,5,8,20,2000,1,1,P,97,96,19,18,0,0,0,0
2706,5,8,20,2000,1,1,R,97,96,23,21,0,0,0,0
2707,5,8,20,2000,1,0.5,0.001,98,98,72,66,25,22,0,0
2707,5,8,20,2000,1,0.5,0.01,98,98,72,66,22,20,0,0
2707,5,8,20,2000,1,0.5,P,98,98,72,65,20,17,0,0
2707,5,8,20,2000,1,0.5,R,98,98,75,63,15,7,0,0
2707,5,8,20,2000,1,0.75,0.001,98,98,44,42,0,0,0,0
2707,5,8,20,2000,1,0.75,0.01,98,98,44,42,0,0,0,0
2707,5,8,20,2000,1,0.75,P,98,98,38,36,0,0,0,0
2707,5,8,20,2000,1,0.75,R,98,98,45,40,0,0,0,0
2707,5,8,20,2000,1,1,0.001,98,97,20,19,0,0,0,0
2707,5,8,20,2000,1,1,0.01,98,97,20,19,0,0,0,0
2707,5,8,20,2000,1,1,P,98,97,14,13,0,0,0,0
2707,5,8,20,2000,1,1,R,98,97,18,16,0,0,0,0
2708,5,8,20,2000,1,0.5,0.001,99,98,74,68,22,19,0,0
2708,5,8,20,2000,1,0.5,0.01,99,98,74,68,22,20,0,0
2708,5,8,20,2000,1,0.5,P,99,98,74,68,10,9,0,0
2708,5,8,20,2000,1,0.5,R,99,98,74,62,7,3,0,0
2708,5,8,20,2000,1,0.75,0.001,99,98,46,44,2,2,0,0
2708,5,8,20,2000,1,0.75,0.01,99,98,46,44,2,2,0,0
2708,5,8,20,2000,1,0.75,P,99,98,46,44,0,0,0,0
2708,5,8,20,2000,1,0.75,R,99,98,45,39,0,0,0,0
2708,5,8,20,2000,1,1,0.001,97,97,17,17,0,0,0,0
2708,5,8,20,2000,1,1,0.01,97,97,17,17,0,0,0,0
2708,5,8,20,2000,1,1,P,97,97,17,16,0,0,0,0
2708,5,8,20,2000,1,1,R,97,97,22,20,0,0,0,0
2709,5,8,20,2000,1,0.5,0.001,99,99,79,73,25,23,0,0
2709,5,8,20,2000,1,0.5,0.01,99,99,79,73,20,18,0,0
2709,5,8,20,2000,1,0.5,P,99,99,79,73,40,35,0,0
2709,5,8,20,2000,1,0.5,R,99,99,79,68,12,6,0,0
2709,5,8,20,2000,1,0.75,0.001,99,98,51,48,0,0,0,0
2709,5,8,20,2000,1,0.75,0.01,99,98,51,48,0,0,0,0
2709,5,8,20,2000,1,0.75,P,99,98,51,48,0,0,0,0
2709,5,8,20,2000,1,0.75,R,99,98,51,45,0,0,0,0
2709,5,8,20,2000,1,1,0.001,97,97,21,21,0,0,0,0
2709,5,8,20,2000,1,1,0.01,97,97,21,21,0,0,0,0
2709,5,8,20,2000,1,1,P,97,97,21,21,0,0,0,0
2709,5,8,20,2000,1,1,R,97,97,21,19,0,0,0,0
2710,5,8,20,2000,1,0.5,0.001,99,98,86,80,40,36,0,0
2710,5,8,20,2000,1,0.5,0.01,99,98,86,80,40,35,0,0
2710,5,8,20,2000,1,0.5,P,99,98,87,80,35,31,0,0
2710,5,8,20,2000,1,0.5,R,99,98,84,72,17,9,0,0
2710,5,8,20,2000,1,0.75,0.001,99,98,58,55,0,0,0,0
2710,5,8,20,2000,1,0.75,0.01,99,98,58,55,0,0,0,0
2710,5,8,20,2000,1,0.75,P,99,98,57,54,2,2,0,0
2710,5,8,20,2000,1,0.75,R,99,98,55,49,0,0,0,0
2710,5,8,20,2000,1,1,0.001,98,97,33,32,0,0,0,0
2710,5,8,20,2000,1,1,0.01,98,97,33,32,0,0,0,0
2710,5,8,20,2000,1,1,P,98,97,26,25,0,0,0,0
2710,5,8,20,2000,1,1,R,98,97,28,26,0,0,0,0
2711,5,8,20,2000,1,0.5,0.001,99,98,88,81,45,41,0,0
2711,5,8,20,2000,1,0.5,0.01,99,98,88,81,45,41,0,0
2711,5,8,20,2000,1,0.5,P,99,98,88,81,32,29,0,0
2711,5,8,20,2000,1,0.5,R,99,98,85,74,25,13,0,0
2711,5,8,20,2000,1,0.75,0.001,99,98,62,59,2,2,0,0
2711,5,8,20,2000,1,0.75,0.01,99,98,62,59,5,4,0,0
2711,5,8,20,2000,1,0.75,P,99,98,62,59,7,7,0,0
2711,5,8,20,2000,1,0.75,R,99,98,65,57,2,1,0,0
2711,5,8,20,2000,1,1,0.001,98,98,41,40,0,0,0,0
2711,5,8,20,2000,1,1,0.01,98,98,41,40,0,0,0,0
2711,5,8,20,2000,1,1,P,98,98,41,39,0,0,0,0
2711,5,8,20,2000,1,1,R,98,98,36,33,0,0,0,0
2712,5,8,20,2000,1,0.5,0.001,99,98,77,71,22,20,0,0
2712,5,8,20,2000,1,0.5,0.01,99,98,77,71,30,26,0,0
2712,5,8,20,2000,1,0.5,P,99,98,77,71,27,23,0,0
2712,5,8,20,2000,1,0.5,R,99,98,80,68,17,8,0,0
2712,5,8,20,2000,1,0.75,0.001,98,98,53,50,2,2,0,0
2712,5,8,20,2000,1,0.75,0.01,98,98,53,50,2,2,0,0
2712,5,8,20,2000,1,0.75,P,98,98,53,50,0,0,0,0
2712,5,8,20,2000,1,0.75,R,98,98,54,48,0,0,0,0
2712,5,8,20,2000,1,1,0.001,97,96,28,27,0,0,0,0
2712,5,8,20,2000,1,1,0.01,97,96,28,27,0,0,0,0
2712,5,8,20,2000,1,1,P,97,96,28,27,0,0,0,0
2712,5,8,20,2000,1,1,R,97,96,29,26,0,0,0,0
2713,5,8,20,2000,1,0.5,0.001,100,99,78,73,35,31,0,0
2713,5,8,20,2000,1,0.5,0.01,100,99,78,73,30,27,0,0
2713,5,8,20,2000,1,0.5,P,100,99,77,72,35,31,0,0
2713,5,8,20,2000,1,0.5,R,100,99,81,70,15,8,0,0
2713,5,8,20,2000,1,0.75,0.001,99,99,56,53,0,0,0,0
2713,5,8,20,2000,1,0.75,0.01,99,99,56,53,0,0,0,0
2713,5,8,20,2000,1,0.75,P,99,99,54,51,7,7,0,0
2713,5,8,20,2000,1,0.75,R,99,99,55,49,0,0,0,0
2713,5,8,20,2000,1,1,0.001,99,98,36,35,0,0,0,0
2713,5,8,20,2000,1,1,0.01,99,98,36,35,0,0,0,0
2713,5,8,20,2000,1,1,P,99,98,35,34,0,0,0,0
2713,5,8,20,2000,1,1,R,99,98,35,32,0,0,0,0
2714,5,8,20,2000,1,0.5,0.001,99,99,77,70,25,21,0,0
2714,5,8,20,2000,1,0.5,0.01,99,99,77,70,20,17,0,0
2714,5,8,20,2000,1,0.5,P,99,99,77,70,15,12,0,0
2714,5,8,20,2000,1,0.5,R,99,99,83,70,10,5,0,0
2714,5,8,20,2000,1,0.75,0.001,98,98,44,42,0,0,0,0
2714,5,8,20,2000,1,0.75,0.01,98,98,44,42,0,0,0,0
2714,5,8,20,2000,1,0.75,P,98,98,44,42,0,0,0,0
2714,5,8,20,2000,1,0.75,R,98,98,46,41,0,0,0,0
2714,5,8,20,2000,1,1,0.001,97,96,19,18,0,0,0,0
2714,5,8,20,2000,1,1,0.01,97,96,19,18,0,0,0,0
2714,5,8,20,2000,1,1,P,97,96,19,18,0,0,0,0
2714,5,8,20,2000,1,1,R,97,96,23,20,0,0,0,0
2715,5,8,20,2000,1,0.5,0.001,99,99,85,79,35,32,0,0
2715,5,8,20,2000,1,0.5,0.01,99,99,85,79,35,32,0,0
2715,5,8,20,2000,1,0.5,P,99,99,86,79,45,38,10,8
2715,5,8,20,2000,1,0.5,R,99,99,85,73,17,9,0,0
2715,5,8,20,2000,1,0.75,0.001,99,98,55,53,0,0,0,0
2715,5,8,20,2000,1,0.75,0.01,99,98,55,53,0,0,0,0
2715,5,8,20,2000,1,0.75,P,99,98,56,53,2,2,0,0
2715,5,8,20,2000,1,0.75,R,99,98,53,47,0,0,0,0
2715,5,8,20,2000,1,1,0.001,97,97,36,35,0,0,0,0
2715,5,8,20,2000,1,1,0.01,97,97,36,35,0,0,0,0
2715,5,8,20,2000,1,1,P,97,97,36,35,0,0,0,0
2715,5,8,20,2000,1,1,R,97,97,30,27,0,0,0,0
2716,5,8,20,2000,1,0.5,0.001,99,99,82,76,27,24,0,0
2716,5,8,20,2000,1,0.5,0.01,99,99,82,76,17,15,0,0
2716,5,8,20,2000,1,0.5,P,99,99,83,76,45,40,10,9
2716,5,8,20,2000,1,0.5,R,99,99,84,72,12,6,0,0
2716,5,8,20,2000,1,0.75,0.001,99,98,56,53,0,0,0,0
2716,5,8,20,2000,1,0.75,0.01,99,98,56,53,0,0,0,0
2716,5,8,20,2000,1,0.75,P,99,98,56,53,0,0,0,0
2716,5,8,20,2000,1,0.75,R,99,98,60,53,0,0,0,0
2716,5,8,20,2000,1,1,0.001,98,98,30,29,0,0,0,0
2716,5,8,20,2000,1,1,0.01,98,98,30,29,0,0,0,0
2716,5,8,20,2000,1,1,P,98,98,34,33,0,0,0,0
2716,5,8,20,2000,1,1,R,98,98,35,31,0,0,0,0
2717,5,8,20,2000,1,0.5,0.001,98,98,83,76,35,30,0,0
2717,5,8,20,2000,1,0.5,0.01,98,98,83,76,27,24,0,0
2717,5,8,20,2000,1,0.5,P,98,98,83,76,32,27,0,0
2717,5,8,20,2000,1,0.5,R,98,98,83,71,15,8,0,0
2717,5,8,20,2000,1,0.75,0.001,97,97,55,52,0,0,0,0
2717,5,8,20,2000,1,0.75,0.01,97,97,55,52,0,0,0,0
2717,5,8,20,2000,1,0.75,P,97,97,51,48,0,0,0,0
2717,5,8,20,2000,1,0.75,R,97,97,50,45,0,0,0,0
2717,5,8,20,2000,1,1,0.001,97,96,27,26,0,0,0,0
2717,5,8,20,2000,1,1,0.01,97,96,27,26,0,0,0,0
2717,5,8,20,2000,1,1,P,97,96,25,24,0,0,0,0
2717,5,8,20,2000,1,1,R,97,96,24,22,0,0,0,0
2718,5,8,20,2000,1,0.5,0.001,99,99,81,73,22,20,0,0
2718,5,8,20,2000,1,0.5,0.01,99,99,81,73,25,22,0,0
2718,5,8,20,2000,1,0.5,P,99,99,81,73,30,24,0,0
2718,5,8,20,2000,1,0.5,R,99,99,77,65,7,3,0,0
2718,5,8,20,2000,1,0.75,0.001,99,98,45,42,0,0,0,0
2718,5,8,20,2000,1,0.75,0.01,99,98,45,42,0,0,0,0
2718,5,8,20,2000,1,0.75,P,99,98,45,42,0,0,0,0
2718,5,8,20,2000,1,0.75,R,99,98,45,39,0,0,0,0
2718,5,8,20,2000,1,1,0.001,97,97,20,19,0,0,0,0
2718,5,8,20,2000,1,1,0.01,97,97,20,19,0,0,0,0
2718,5,8,20,2000,1,1,P,97,97,20,19,0,0,0,0
2718,5,8,20,2000,1,1,R,97,97,15,13,0,0,0,0
2719,5,8,20,2000,1,0.5,0.001,100,99,92,85,42,39,10,8
2719,5,8,20,2000,1,0.5,0.01,100,99,92,85,30,28,0,0
2719,5,8,20,2000,1,0.5,P,100,99,91,84,40,35,0,0
2719,5,8,20,2000,1,0.5,R,100,99,88,76,30,15,0,0
2719,5,8,20,2000,1,0.75,0.001,100,99,61,59,5,4,0,0
2719,5,8,20,2000,1,0.75,0.01,100,99,61,59,5,4,0,0
2719,5,8,20,2000,1,0.75,P,100,99,63,60,2,2,0,0
2719,5,8,20,2000,1,0.75,R,100,99,60,53,2,1,0,0
2719,5,8,20,2000,1,1,0.001,99,98,40,39,0,0,0,0
2719,5,8,20,2000,1,1,0.01,99,98,40,39,0,0,0,0
2719,5,8,20,2000,1,1,P,99,98,41,39,0,0,0,0
2719,5,8,20,2000,1,1,R,99,98,39,35,0,0,0,0
2720,5,8,20,2000,1,0.5,0.001,99,99,85,78,37,33,10,8
2720,5,8,20,2000,1,0.5,0.01,99,99,85,78,32,29,0,0
2720,5,8,20,2000,1,0.5,P,99,99,86,79,37,31,0,0
2720,5,8,20,2000,1,0.5,R,99,99,85,72,20,10,0,0
2720,5,8,20,2000,1,0.75,0.001,99,98,49,47,0,0,0,0
2720,5,8,20,2000,1,0.75,0.01,99,98,49,47,0,0,0,0
2720,5,8,20,2000,1,0.75,P,99,98,50,47,0,0,0,0
2720,5,8,20,2000,1,0.75,R,99,98,49,43,0,0,0,0
2720,5,8,20,2000,1,1,0.001,98,98,29,28,0,0,0,0
2720,5,8,20,2000,1,1,0.01,98,98,29,28,0,0,0,0
2720,5,8,20,2000,1,1,P,98,98,28,27,0,0,0,0
2720,5,8,20,2000,1,1,R,98,98,24,22,0,0,0,0
2721,5,8,20,2000,1,0.5,0.001,100,99,87,81,42,39,0,0
2721,5,8,20,2000,1,0.5,0.01,100,99,87,81,45,41,0,0
2721,5,8,20,2000,1,0.5,P,100,99,84,78,40,36,0,0
2721,5,8,20,2000,1,0.5,R,100,99,88,76,32,16,0,0
2721,5,8,20,2000,1,0.75,0.001,100,99,59,56,0,0,0,0
2721,5,8,20,2000,1,0.75,0.01,100,99,59,56,0,0,0,0
2721,5,8,20,2000,1,0.75,P,100,99,60,56,2,2,0,0
2721,5,8,20,2000,1,0.75,R,100,99,69,61,0,0,0,0
2721,5,8,20,2000,1,1,0.001,99,99,38,37,0,0,0,0
2721,5,8,20,2000,1,1,0.01,99,99,38,37,0,0,0,0
2721,5,8,20,2000,1,1,P,99,99,39,37,0,0,0,0
2721,5,8,20,2000,1,1,R,99,99,40,36,0,0,0,0
2722,5,8,20,2000,1,0.5,0.001,99,98,85,80,47,43,0,0
2722,5,8,20,2000,1,0.5,0.01,99,98,85,80,50,45,0,0
2722,5,8,20,2000,1,0.5,P,99,98,83,77,55,49,0,0
2722,5,8,20,2000,1,0.5,R,99,98,85,73,27,13,0,0
2722,5,8,20,2000,1,0.75,0.001,99,98,59,56,0,0,0,0
2722,5,8,20,2000,1,0.75,0.01,99,98,59,56,0,0,0,0
2722,5,8,20,2000,1,0.75,P,99,98,60,57,0,0,0,0
2722,5,8,20,2000,1,0.75,R,99,98,63,56,0,0,0,0
2722,5,8,20,2000,1,1,0.001,97,97,33,32,0,0,0,0
2722,5,8,20,2000,1,1,0.01,97,97,33,32,0,0,0,0
2722,5,8,20,2000,1,1,P,97,97,36,34,0,0,0,0
2722,5,8,20,2000,1,1,R,97,97,36,32,0,0,0,0
2723,5,8,20,2000,1,0.5,0.001,99,98,82,76,42,39,0,0
2723,5,8,20,2000,1,0.5,0.01,99,98,82,76,37,34,0,0
2723,5,8,20,2000,1,0.5,P,99,98,82,76,37,33,0,0
2723,5,8,20,2000,1,0.5,R,99,98,82,70,17,9,0,0
2723,5,8,20,2000,1,0.75,0.001,98,98,58,55,2,2,0,0
2723,5,8,20,2000,1,0.75,0.01,98,98,58,55,2,2,0,0
2723,5,8,20,2000,1,0.75,P,98,98,58,55,5,4,0,0
2723,5,8,20,2000,1,0.75,R,98,98,58,51,0,0,0,0
2723,5,8,20,2000,1,1,0.001,97,97,26,25,0,0,0,0
2723,5,8,20,2000,1,1,0.01,97,97,26,25,0,0,0,0
2723,5,8,20,2000,1,1,P,97,97,26,25,0,0,0,0
2723,5,8,20,2000,1,1,R,97,97,25,23,0,0,0,0
2724,5,8,20,2000,1,0.5,0.001,100,99,83,77,30,27,0,0
2724,5,8,20,2000,1,0.5,0.01,100,99,83,77,42,38,0,0
2724,5,8,20,2000,1,0.5,P,100,99,81,75,35,30,0,0
2724,5,8,20,2000,1,0.5,R,100,99,83,71,17,9,0,0
2724,5,8,20,2000,1,0.75,0.001,100,99,58,55,5,4,0,0
2724,5,8,20,2000,1,0.75,0.01,100,99,58,55,5,4,0,0
2724,5,8,20,2000,1,0.75,P,100,99,56,53,2,2,0,0
2724,5,8,20,2000,1,0.75,R,100,99,54,48,0,0,0,0
2724,5,8,20,2000,1,1,0.001,98,98,34,33,0,0,0,0
2724,5,8,20,2000,1,1,0.01,98,98,34,33,0,0,0,0
2724,5,8,20,2000,1,1,P,98,98,28,27,0,0,0,0
2724,5,8,20,2000,1,1,R,98,98,26,24,0,0,0,0
2725,5,8,20,2000,1,0.5,0.001,99,98,87,81,27,25,0,0
2725,5,8,20,2000,1,0.5,0.01,99,98,87,81,30,27,0,0
2725,5,8,20,2000,1,0.5,P,99,98,87,81,27,23,0,0
2725,5,8,20,2000,1,0.5,R,99,98,83,72,22,11,0,0
2725,5,8,20,2000,1,0.75,0.001,99,98,58,56,5,4,0,0
2725,5,8,20,2000,1,0.75,0.01,99,98,58,56,5,4,0,0
2725,5,8,20,2000,1,0.75,P,99,98,58,56,5,4,0,0
2725,5,8,20,2000,1,0.75,R,99,98,57,51,0,0,0,0
2725,5,8,20,2000,1,1,0.001,97,97,35,33,0,0,0,0
2725,5,8,20,2000,1,1,0.01,97,97,35,33,0,0,0,0
2725,5,8,20,2000,1,1,P,97,97,35,33,0,0,0,0
2725,5,8,20,2000,1,1,R,97,97,31,28,0,0,0,0
2726,5,8,20,2000,0,0.5,0.001,96,95,69,61,23,20,0,0
2726,5,8,20,2000,0,0.5,0.01,96,95,69,61,21,17,0,0
2726,5,8,20,2000,0,0.5,P,96,95,76,66,14,12,0,0
2726,5,8,20,2000,0,0.5,R,96,95,72,59,11,5,0,0
2726,5,8,20,2000,0,0.75,0.001,96,94,43,39,0,0,0,0
2726,5,8,20,2000,0,0.75,0.01,96,94,43,39,0,0,0,0
2726,5,8,20,2000,0,0.75,P,96,94,48,43,0,0,0,0
2726,5,8,20,2000,0,0.75,R,96,94,42,37,0,0,0,0
2726,5,8,20,2000,0,1,0.001,95,94,16,15,0,0,0,0
2726,5,8,20,2000,0,1,0.01,95,94,16,15,0,0,0,0
2726,5,8,20,2000,0,1,P,95,94,17,15,0,0,0,0
2726,5,8,20,2000,0,1,R,95,94,20,17,0,0,0,0
2727,5,8,20,2000,0,0.5,0.001,96,94,62,54,8,6,0,0
2727,5,8,20,2000,0,0.5,0.01,96,94,62,54,8,7,0,0
2727,5,8,20,2000,0,0.5,P,96,94,60,52,10,7,0,0
2727,5,8,20,2000,0,0.5,R,96,94,58,46,2,1,0,0
2727,5,8,20,2000,0,0.75,0.001,94,93,32,29,0,0,0,0
2727,5,8,20,2000,0,0.75,0.01,94,93,32,29,0,0,0,0
2727,5,8,20,2000,0,0.75,P,94,93,33,30,0,0,0,0
2727,5,8,20,2000,0,0.75,R,94,93,33,28,0,0,0,0
2727,5,8,20,2000,0,1,0.001,92,91,11,11,0,0,0,0
2727,5,8,20,2000,0,1,0.01,92,91,11,11,0,0,0,0
2727,5,8,20,2000,0,1,P,92,91,11,11,0,0,0,0
2727,5,8,20,2000,0,1,R,92,91,10,9,0,0,0,0
2728,5,8,20,2000,0,0.5,0.001,96,94,53,46,0,0,0,0
2728,5,8,20,2000,0,0.5,0.01,96,94,53,46,3,2,0,0
2728,5,8,20,2000,0,0.5,P,96,94,53,45,6,4,0,0
2728,5,8,20,2000,0,0.5,R,96,94,53,42,3,1,0,0
2728,5,8,20,2000,0,0.75,0.001,94,93,28,26,0,0,0,0
2728,5,8,20,2000,0,0.75,0.01,94,93,28,26,0,0,0,0
2728,5,8,20,2000,0,0.75,P,94,93,28,25,0,0,0,0
2728,5,8,20,2000,0,0.75,R,94,93,28,24,0,0,0,0
2728,5,8,20,2000,0,1,0.001,91,90,9,8,0,0,0,0
2728,5,8,20,2000,0,1,0.01,91,90,9,8,0,0,0,0
2728,5,8,20,2000,0,1,P,91,90,9,8,0,0,0,0
2728,5,8,20,2000,0,1,R,91,90,9,7,0,0,0,0
2729,5,8,20,2000,0,0.5,0.001,98,96,73,65,27,23,0,0
2729,5,8,20,2000,0,0.5,0.01,98,96,73,65,27,23,0,0
2729,5,8,20,2000,0,0.5,P,98,96,73,64,24,19,0,0
2729,5,8,20,2000,0,0.5,R,98,96,74,61,16,6,0,0
2729,5,8,20,2000,0,0.75,0.001,96,95,43,40,0,0,0,0
2729,5,8,20,2000,0,0.75,0.01,96,95,43,40,0,0,0,0
2729,5,8,20,2000,0,0.75,P,96,95,43,40,2,2,0,0
2729,5,8,20,2000,0,0.75,R,96,95,47,40,2,1,0,0
2729,5,8,20,2000,0,1,0.001,92,91,19,18,0,0,0,0
2729,5,8,20,2000,0,1,0.01,92,91,19,18,0,0,0,0
2729,5,8,20,2000,0,1,P,92,91,19,18,0,0,0,0
2729,5,8,20,2000,0,1,R,92,91,19,17,0,0,0,0
2730,5,8,20,2000,0,0.5,0.001,97,96,75,65,9,7,0,0
2730,5,8,20,2000,0,0.5,0.01,97,96,75,65,20,16,0,0
2730,5,8,20,2000,0,0.5,P,97,96,75,64,13,8,0,0
2730,5,8,20,2000,0,0.5,R,97,96,75,60,6,3,0,0
2730,5,8,20,2000,0,0.75,0.001,97,95,44,41,0,0,0,0
2730,5,8,20,2000,0,0.75,0.01,97,95,44,41,0,0,0,0
2730,5,8,20,2000,0,0.75,P,97,95,44,40,0,0,0,0
2730,5,8,20,2000,0,0.75,R,97,95,44,38,0,0,0,0
2730,5,8,20,2000,0,1,0.001,95,94,20,19,0,0,0,0
2730,5,8,20,2000,0,1,0.01,95,94,20,19,0,0,0,0
2730,5,8,20,2000,0,1,P,95,94,20,19,0,0,0,0
2730,5,8,20,2000,0,1,R,95,94,20,17,0,0,0,0
2731,5,8,20,2000,0,0.5,0.001,98,96,73,65,14,12,0,0
2731,5,8,20,2000,0,0.5,0.01,98,96,73,65,20,17,0,0
2731,5,8,20,2000,0,0.5,P,98,96,73,65,14,11,0,0
2731,5,8,20,2000,0,0.5,R,98,96,73,61,8,3,0,0
2731,5,8,20,2000,0,0.75,0.001,97,96,49,45,0,0,0,0
2731,5,8,20,2000,0,0.75,0.01,97,96,49,45,0,0,0,0
2731,5,8,20,2000,0,0.75,P,97,96,49,45,0,0,0,0
2731,5,8,20,2000,0,0.75,R,97,96,49,42,0,0,0,0
2731,5,8,20,2000,0,1,0.001,95,94,16,15,0,0,0,0
2731,5,8,20,2000,0,1,0.01,95,94,16,15,0,0,0,0
2731,5,8,20,2000,0,1,P,95,94,16,15,0,0,0,0
2731,5,8,20,2000,0,1,R,95,94,16,14,0,0,0,0
2732,5,8,20,2000,0,0.5,0.001,97,95,71,63,21,18,0,0
2732,5,8,20,2000,0,0.5,0.01,97,95,71,62,16,13,0,0
2732,5,8,20,2000,0,0.5,P,97,95,75,66,16,12,0,0
2732,5,8,20,2000,0,0.5,R,97,95,80,65,11,5,0,0
2732,5,8,20,2000,0,0.75,0.001,96,95,46,42,2,1,0,0
2732,5,8,20,2000,0,0.75,0.01,96,95,46,42,0,0,0,0
2732,5,8,20,2000,0,0.75,P,96,95,50,46,0,0,0,0
2732,5,8,20,2000,0,0.75,R,96,95,45,39,0,0,0,0
2732,5,8,20,2000,0,1,0.001,95,94,15,14,0,0,0,0
2732,5,8,20,2000,0,1,0.01,95,94,15,14,0,0,0,0
2732,5,8,20,2000,0,1,P,95,94,18,17,0,0,0,0
2732,5,8,20,2000,0,1,R,95,94,16,14,0,0,0,0
2733,5,8,20,2000,0,0.5,0.001,98,97,79,70,23,20,0,0
2733,5,8,20,2000,0,0.5,0.01,98,97,79,70,21,18,0,0
2733,5,8,20,2000,0,0.5,P,98,97,79,70,21,16,0,0
2733,5,8,20,2000,0,0.5,R,98,97,83,67,19,9,0,0
2733,5,8,20,2000,0,0.75,0.001,97,96,57,52,0,0,0,0
2733,5,8,20,2000,0,0.75,0.01,97,96,57,52,0,0,0,0
2733,5,8,20,2000,0,0.75,P,97,96,57,51,0,0,0,0
2733,5,8,20,2000,0,0.75,R,97,96,58,49,0,0,0,0
2733,5,8,20,2000,0,1,0.001,97,96,24,22,0,0,0,0
2733,5,8,20,2000,0,1,0.01,97,96,24,22,0,0,0,0
2733,5,8,20,2000,0,1,P,97,96,24,21,0,0,0,0
2733,5,8,20,2000,0,1,R,97,96,22,19,0,0,0,0
2734,5,8,20,2000,0,0.5,0.001,96,95,78,69,23,19,0,0
2734,5,8,20,2000,0,0.5,0.01,96,95,78,69,20,17,0,0
2734,5,8,20,2000,0,0.5,P,96,95,75,66,23,17,0,0
2734,5,8,20,2000,0,0.5,R,96,95,72,59,10,5,0,0
2734,5,8,20,2000,0,0.75,0.001,96,94,44,40,5,4,0,0
2734,5,8,20,2000,0,0.75,0.01,96,94,44,40,5,4,0,0
2734,5,8,20,2000,0,0.75,P,96,94,45,41,0,0,0,0
2734,5,8,20,2000,0,0.75,R,96,94,45,38,0,0,0,0
2734,5,8,20,2000,0,1,0.001,94,92,18,16,0,0,0,0
2734,5,8,20,2000,0,1,0.01,94,92,18,16,0,0,0,0
2734,5,8,20,2000,0,1,P,94,92,20,18,0,0,0,0
2734,5,8,20,2000,0,1,R,94,92,16,14,0,0,0,0
2735,5,8,20,2000,0,0.5,0.001,98,96,72,64,13,10,0,0
2735,5,8,20,2000,0,0.5,0.01,98,96,72,64,15,13,0,0
2735,5,8,20,2000,0,0.5,P,98,96,72,62,15,11,0,0
2735,5,8,20,2000,0,0.5,R,98,96,70,57,11,5,0,0
2735,5,8,20,2000,0,0.75,0.001,97,96,44,41,0,0,0,0
2735,5,8,20,2000,0,0.75,0.01,97,96,44,41,0,0,0,0
2735,5,8,20,2000,0,0.75,P,97,96,38,35,0,0,0,0
2735,5,8,20,2000,0,0.75,R,97,96,48,41,0,0,0,0
2735,5,8,20,2000,0,1,0.001,96,95,21,20,0,0,0,0
2735,5,8,20,2000,0,1,0.01,96,95,21,20,0,0,0,0
2735,5,8,20,2000,0,1,P,96,95,16,15,0,0,0,0
2735,5,8,20,2000,0,1,R,96,95,20,18,0,0,0,0
2736,5,8,20,2000,0,0.5,0.001,98,96,74,65,10,9,0,0
2736,5,8,20,2000,0,0.5,0.01,98,96,74,65,6,5,0,0
2736,5,8,20,2000,0,0.5,P,98,96,74,65,15,11,0,0
2736,5,8,20,2000,0,0.5,R,98,96,74,61,10,6,0,0
2736,5,8,20,2000,0,0.75,0.001,97,95,44,41,0,0,0,0
2736,5,8,20,2000,0,0.75,0.01,97,95,44,41,0,0,0,0
2736,5,8,20,2000,0,0.75,P,97,95,44,41,0,0,0,0
2736,5,8,20,2000,0,0.75,R,97,95,44,39,0,0,0,0
2736,5,8,20,2000,0,1,0.001,95,94,16,15,0,0,0,0
2736,5,8,20,2000,0,1,0.01,95,94,16,15,0,0,0,0
2736,5,8,20,2000,0,1,P,95,94,16,14,0,0,0,0
2736,5,8,20,2000,0,1,R,95,94,16,14,0,0,0,0
2737,5,8,20,2000,0,0.5,0.001,98,97,84,75,23,19,0,0
2737,5,8,20,2000,0,0.5,0.01,98,97,84,75,29,25,0,0
2737,5,8,20,2000,0,0.5,P,98,97,84,74,21,16,0,0
2737,5,8,20,2000,0,0.5,R,98,97,86,71,21,9,0,0
2737,5,8,20,2000,0,0.75,0.001,98,96,61,57,4,3,0,0
2737,5,8,20,2000,0,0.75,0.01,98,96,61,57,4,4,0,0
2737,5,8,20,2000,0,0.75,P,98,96,61,57,2,2,0,0
2737,5,8,20,2000,0,0.75,R,98,96,61,53,4,1,0,0
2737,5,8,20,2000,0,1,0.001,97,96,27,25,0,0,0,0
2737,5,8,20,2000,0,1,0.01,97,96,27,25,0,0,0,0
2737,5,8,20,2000,0,1,P,97,96,27,25,0,0,0,0
2737,5,8,20,2000,0,1,R,97,96,27,24,0,0,0,0
2738,5,8,20,2000,0,0.5,0.001,98,96,77,67,27,23,0,0
2738,5,8,20,2000,0,0.5,0.01,98,96,77,67,27,23,0,0
2738,5,8,20,2000,0,0.5,P,98,96,73,63,25,20,0,0
2738,5,8,20,2000,0,0.5,R,98,96,73,58,2,1,0,0
2738,5,8,20,2000,0,0.75,0.001,97,96,48,44,2,2,0,0
2738,5,8,20,2000,0,0.75,0.01,97,96,48,44,2,2,0,0
2738,5,8,20,2000,0,0.75,P,97,96,47,42,0,0,0,0
2738,5,8,20,2000,0,0.75,R,97,96,48,40,0,0,0,0
2738,5,8,20,2000,0,1,0.001,96,95,25,23,0,0,0,0
2738,5,8,20,2000,0,1,0.01,96,95,25,23,0,0,0,0
2738,5,8,20,2000,0,1,P,96,95,23,20,0,0,0,0
2738,5,8,20,2000,0,1,R,96,95,24,20,0,0,0,0
2739,5,8,20,2000,0,0.5,0.001,97,95,63,54,15,12,0,0
2739,5,8,20,2000,0,0.5,0.01,97,95,63,54,12,10,0,0
2739,5,8,20,2000,0,0.5,P,97,95,63,54,15,11,0,0
2739,5,8,20,2000,0,0.5,R,97,95,63,51,0,0,0,0
2739,5,8,20,2000,0,0.75,0.001,95,94,35,32,0,0,0,0
2739,5,8,20,2000,0,0.75,0.01,95,94,35,32,0,0,0,0
2739,5,8,20,2000,0,0.75,P,95,94,35,32,0,0,0,0
2739,5,8,20,2000,0,0.75,R,95,94,35,30,0,0,0,0
2739,5,8,20,2000,0,1,0.001,93,91,13,12,0,0,0,0
2739,5,8,20,2000,0,1,0.01,93,91,13,12,0,0,0,0
2739,5,8,20,2000,0,1,P,93,91,13,12,0,0,0,0
2739,5,8,20,2000,0,1,R,93,91,13,11,0,0,0,0
2740,5,8,20,2000,0,0.5,0.001,97,95,53,46,3,2,0,0
2740,5,8,20,2000,0,0.5,0.01,97,95,53,45,3,2,0,0
2740,5,8,20,2000,0,0.5,P,97,95,52,44,0,0,0,0
2740,5,8,20,2000,0,0.5,R,97,95,55,44,0,0,0,0
2740,5,8,20,2000,0,0.75,0.001,94,92,26,23,0,0,0,0
2740,5,8,20,2000,0,0.75,0.01,94,92,26,23,0,0,0,0
2740,5,8,20,2000,0,0.75,P,94,92,20,18,0,0,0,0
2740,5,8,20,2000,0,0.75,R,94,92,22,19,0,0,0,0
2740,5,8,20,2000,0,1,0.001,90,89,8,7,0,0,0,0
2740,5,8,20,2000,0,1,0.01,90,89,8,7,0,0,0,0
2740,5,8,20,2000,0,1,P,90,89,8,7,0,0,0,0
2740,5,8,20,2000,0,1,R,90,89,6,6,0,0,0,0
2741,5,8,20,2000,0,0.5,0.001,98,97,75,66,10,8,0,0
2741,5,8,20,2000,0,0.5,0.01,98,97,75,66,12,9,0,0
2741,5,8,20,2000,0,0.5,P,98,97,75,66,20,16,0,0
2741,5,8,20,2000,0,0.5,R,98,97,75,62,8,3,0,0
2741,5,8,20,2000,0,0.75,0.001,98,97,46,42,0,0,0,0
2741,5,8,20,2000,0,0.75,0.01,98,97,46,42,2,1,0,0
2741,5,8,20,2000,0,0.75,P,98,97,46,42,2,1,0,0
2741,5,8,20,2000,0,0.75,R,98,97,46,39,0,0,0,0
2741,5,8,20,2000,0,1,0.001,97,96,18,17,0,0,0,0
2741,5,8,20,2000,0,1,0.01,97,96,18,17,0,0,0,0
2741,5,8,20,2000,0,1,P,97,96,18,17,0,0,0,0
2741,5,8,20,2000,0,1,R,97,96,18,16,0,0,0,0
2742,5,8,20,2000,0,0.5,0.001,98,96,74,65,20,17,0,0
2742,5,8,20,2000,0,0.5,0.01,98,96,74,65,20,17,0,0
2742,5,8,20,2000,0,0.5,P,98,96,74,65,20,15,0,0
2742,5,8,20,2000,0,0.5,R,98,96,77,63,10,4,0,0
2742,5,8,20,2000,0,0.75,0.001,97,96,50,46,2,2,0,0
2742,5,8,20,2000,0,0.75,0.01,97,96,50,46,2,2,0,0
2742,5,8,20,2000,0,0.75,P,97,96,50,46,0,0,0,0
2742,5,8,20,2000,0,0.75,R,97,96,50,43,0,0,0,0
2742,5,8,20,2000,0,1,0.001,95,94,21,19,0,0,0,0
2742,5,8,20,2000,0,1,0.01,95,94,21,19,0,0,0,0
2742,5,8,20,2000,0,1,P,95,94,21,19,0,0,0,0
2742,5,8,20,2000,0,1,R,95,94,22,19,0,0,0,0
2743,5,8,20,2000,0,0.5,0.001,98,96,69,61,7,7,0,0
2743,5,8,20,2000,0,0.5,0.01,98,96,69,61,5,5,0,0
2743,5,8,20,2000,0,0.5,P,98,96,69,59,13,7,0,0
2743,5,8,20,2000,0,0.5,R,98,96,69,56,5,3,0,0
2743,5,8,20,2000,0,0.75,0.001,97,95,39,36,0,0,0,0
2743,5,8,20,2000,0,0.75,0.01,97,95,39,36,0,0,0,0
2743,5,8,20,2000,0,0.75,P,97,95,41,38,0,0,0,0
2743,5,8,20,2000,0,0.75,R,97,95,39,33,0,0,0,0
2743,5,8,20,2000,0,1,0.001,95,93,14,13,0,0,0,0
2743,5,8,20,2000,0,1,0.01,95,93,14,13,0,0,0,0
2743,5,8,20,2000,0,1,P,95,93,14,13,0,0,0,0
2743,5,8,20,2000,0,1,R,95,93,14,12,0,0,0,0
2744,5,8,20,2000,0,0.5,0.001,97,96,73,64,15,12,0,0
2744,5,8,20,2000,0,0.5,0.01,97,96,73,64,15,13,0,0
2744,5,8,20,2000,0,0.5,P,97,96,73,63,13,9,0,0
2744,5,8,20,2000,0,0.5,R,97,96,73,59,7,3,0,0
2744,5,8,20,2000,0,0.75,0.001,96,95,46,42,2,2,0,0
2744,5,8,20,2000,0,0.75,0.01,96,95,46,42,2,2,0,0
2744,5,8,20,2000,0,0.75,P,96,95,46,42,0,0,0,0
2744,5,8,20,2000,0,0.75,R,96,95,46,38,0,0,0,0
2744,5,8,20,2000,0,1,0.001,94,93,17,15,0,0,0,0
2744,5,8,20,2000,0,1,0.01,94,93,17,15,0,0,0,0
2744,5,8,20,2000,0,1,P,94,93,17,15,0,0,0,0
2744,5,8,20,2000,0,1,R,94,93,19,15,0,0,0,0
2745,5,8,20,2000,0,0.5,0.001,96,95,64,57,11,9,0,0
2745,5,8,20,2000,0,0.5,0.01,96,95,64,57,11,8,0,0
2745,5,8,20,2000,0,0.5,P,96,95,64,56,16,10,0,0
2745,5,8,20,2000,0,0.5,R,96,95,64,53,5,2,0,0
2745,5,8,20,2000,0,0.75,0.001,95,93,39,36,0,0,0,0
2745,5,8,20,2000,0,0.75,0.01,95,93,39,36,0,0,0,0
2745,5,8,20,2000,0,0.75,P,95,93,39,36,0,0,0,0
2745,5,8,20,2000,0,0.75,R,95,93,39,34,2,1,0,0
2745,5,8,20,2000,0,1,0.001,93,92,12,12,0,0,0,0
2745,5,8,20,2000,0,1,0.01,93,92,12,12,0,0,0,0
2745,5,8,20,2000,0,1,P,93,92,12,11,0,0,0,0
2745,5,8,20,2000,0,1,R,93,92,12,11,0,0,0,0
2746,5,8,20,2000,0,0.5,0.001,97,95,75,67,22,19,0,0
2746,5,8,20,2000,0,0.5,0.01,97,95,75,67,18,15,0,0
2746,5,8,20,2000,0,0.5,P,97,95,75,67,27,22,0,0
2746,5,8,20,2000,0,0.5,R,97,95,74,61,9,4,0,0
2746,5,8,20,2000,0,0.75,0.001,96,94,49,46,2,2,0,0
2746,5,8,20,2000,0,0.75,0.01,96,94,49,46,2,2,0,0
2746,5,8,20,2000,0,0.75,P,96,94,49,45,2,1,0,0
2746,5,8,20,2000,0,0.75,R,96,94,48,42,0,0,0,0
2746,5,8,20,2000,0,1,0.001,94,93,22,21,0,0,0,0
2746,5,8,20,2000,0,1,0.01,94,93,22,21,0,0,0,0
2746,5,8,20,2000,0,1,P,94,93,22,21,0,0,0,0
2746,5,8,20,2000,0,1,R,94,93,21,18,0,0,0,0
2747,5,8,20,2000,0,0.5,0.001,98,96,75,66,19,15,0,0
2747,5,8,20,2000,0,0.5,0.01,98,96,75,66,23,19,0,0
2747,5,8,20,2000,0,0.5,P,98,96,75,65,19,14,0,0
2747,5,8,20,2000,0,0.5,R,98,96,72,59,4,1,0,0
2747,5,8,20,2000,0,0.75,0.001,97,96,43,39,0,0,0,0
2747,5,8,20,2000,0,0.75,0.01,97,96,43,39,0,0,0,0
2747,5,8,20,2000,0,0.75,P,97,96,43,39,0,0,0,0
2747,5,8,20,2000,0,0.75,R,97,96,44,38,0,0,0,0
2747,5,8,20,2000,0,1,0.001,97,95,15,14,0,0,0,0
2747,5,8,20,2000,0,1,0.01,97,95,15,14,0,0,0,0
2747,5,8,20,2000,0,1,P,97,95,15,14,0,0,0,0
2747,5,8,20,2000,0,1,R,97,95,16,14,0,0,0,0
2748,5,8,20,2000,0,0.5,0.001,98,96,79,70,21,18,0,0
2748,5,8,20,2000,0,0.5,0.01,98,96,79,70,26,22,0,0
2748,5,8,20,2000,0,0.5,P,98,96,79,69,23,20,0,0
2748,5,8,20,2000,0,0.5,R,98,96,77,64,10,4,0,0
2748,5,8,20,2000,0,0.75,0.001,97,96,57,53,2,1,0,0
2748,5,8,20,2000,0,0.75,0.01,97,96,57,53,2,1,0,0
2748,5,8,20,2000,0,0.75,P,97,96,57,52,2,2,0,0
2748,5,8,20,2000,0,0.75,R,97,96,55,47,2,0,0,0
2748,5,8,20,2000,0,1,0.001,96,95,28,26,0,0,0,0
2748,5,8,20,2000,0,1,0.01,96,95,28,26,0,0,0,0
2748,5,8,20,2000,0,1,P,96,95,28,26,0,0,0,0
2748,5,8,20,2000,0,1,R,96,95,28,24,0,0,0,0
2749,5,8,20,2000,0,0.5,0.001,97,96,72,63,20,16,0,0
2749,5,8,20,2000,0,0.5,0.01,97,96,72,63,22,18,0,0
2749,5,8,20,2000,0,0.5,P,97,96,74,65,34,25,0,0
2749,5,8,20,2000,0,0.5,R,97,96,74,60,20,10,0,0
2749,5,8,20,2000,0,0.75,0.001,97,96,43,40,0,0,0,0
2749,5,8,20,2000,0,0.75,0.01,97,96,43,40,2,2,0,0
2749,5,8,20,2000,0,0.75,P,97,96,44,40,0,0,0,0
2749,5,8,20,2000,0,0.75,R,97,96,48,41,0,0,0,0
2749,5,8,20,2000,0,1,0.001,96,95,19,18,0,0,0,0
2749,5,8,20,2000,0,1,0.01,96,95,19,18,0,0,0,0
2749,5,8,20,2000,0,1,P,96,95,17,16,0,0,0,0
2749,5,8,20,2000,0,1,R,96,95,16,14,0,0,0,0
2750,5,8,20,2000,0,0.5,0.001,98,97,69,62,12,10,0,0
2750,5,8,20,2000,0,0.5,0.01,98,97,69,62,10,7,0,0
2750,5,8,20,2000,0,0.5,P,98,97,69,61,15,10,0,0
2750,5,8,20,2000,0,0.5,R,98,97,69,57,2,0,0,0
2750,5,8,20,2000,0,0.75,0.001,97,96,46,42,0,0,0,0
2750,5,8,20,2000,0,0.75,0.01,97,96,46,42,0,0,0,0
2750,5,8,20,2000,0,0.75,P,97,96,46,42,0,0,0,0
2750,5,8,20,2000,0,0.75,R,97,96,46,39,0,0,0,0
2750,5,8,20,2000,0,1,0.001,96,94,23,21,0,0,0,0
2750,5,8,20,2000,0,1,0.01,96,94,23,21,0,0,0,0
2750,5,8,20,2000,0,1,P,96,94,23,21,0,0,0,0
2750,5,8,20,2000,0,1,R,96,94,23,20,0,0,0,0
2751,5,8,50,2000,1,0.5,0.001,99,99,99,95,95,91,92,87
2751,5,8,50,2000,1,0.5,0.01,99,99,99,95,94,91,92,87
2751,5,8,50,2000,1,0.5,P,99,99,99,95,96,91,88,84
2751,5,8,50,2000,1,0.5,R,99,99,99,91,97,58,0,0
2751,5,8,50,2000,1,0.75,0.001,99,99,97,94,79,76,36,34
2751,5,8,50,2000,1,0.75,0.01,99,99,97,94,79,76,40,38
2751,5,8,50,2000,1,0.75,P,99,99,97,94,82,79,44,42
2751,5,8,50,2000,1,0.75,R,99,99,97,90,73,44,0,0
2751,5,8,50,2000,1,1,0.001,99,99,86,84,35,34,0,0
2751,5,8,50,2000,1,1,0.01,99,99,86,84,35,34,0,0
2751,5,8,50,2000,1,1,P,99,99,86,84,24,23,0,0
2751,5,8,50,2000,1,1,R,99,99,86,81,28,17,0,0
2752,5,8,50,2000,1,0.5,0.001,100,99,99,95,95,90,84,80
2752,5,8,50,2000,1,0.5,0.01,100,99,99,95,95,90,84,80
2752,5,8,50,2000,1,0.5,P,100,99,99,95,94,90,88,84
2752,5,8,50,2000,1,0.5,R,100,99,99,91,92,56,0,0
2752,5,8,50,2000,1,0.75,0.001,99,99,96,93,72,69,32,31
2752,5,8,50,2000,1,0.75,0.01,99,99,96,93,73,70,28,27
2752,5,8,50,2000,1,0.75,P,99,99,96,93,77,74,48,46
2752,5,8,50,2000,1,0.75,R,99,99,96,89,77,47,0,0
2752,5,8,50,2000,1,1,0.001,99,99,88,85,26,25,0,0
2752,5,8,50,2000,1,1,0.01,99,99,88,85,26,25,0,0
2752,5,8,50,2000,1,1,P,99,99,88,85,38,36,0,0
2752,5,8,50,2000,1,1,R,99,99,88,82,35,21,0,0
2753,5,8,50,2000,1,0.5,0.001,99,99,99,96,94,90,72,69
2753,5,8,50,2000,1,0.5,0.01,99,99,99,96,95,91,92,88
2753,5,8,50,2000,1,0.5,P,99,99,99,96,97,92,92,87
2753,5,8,50,2000,1,0.5,R,99,99,99,92,95,56,0,0
2753,5,8,50,2000,1,0.75,0.001,99,99,98,95,79,76,40,38
2753,5,8,50,2000,1,0.75,0.01,99,99,98,95,80,77,40,38
2753,5,8,50,2000,1,0.75,P,99,99,98,95,82,79,44,42
2753,5,8,50,2000,1,0.75,R,99,99,98,91,76,46,0,0
2753,5,8,50,2000,1,1,0.001,99,99,88,86,30,29,0,0
2753,5,8,50,2000,1,1,0.01,99,99,88,86,31,30,0,0
2753,5,8,50,2000,1,1,P,99,99,88,86,35,34,0,0
2753,5,8,50,2000,1,1,R,99,99,88,82,30,18,0,0
2754,5,8,50,2000,1,0.5,0.001,99,99,100,96,98,94,96,92
2754,5,8,50,2000,1,0.5,0.01,99,99,100,96,98,94,88,84
2754,5,8,50,2000,1,0.5,P,99,99,100,96,98,94,88,82
2754,5,8,50,2000,1,0.5,R,99,99,100,92,98,58,0,0
2754,5,8,50,2000,1,0.75,0.001,99,99,97,94,85,82,64,62
2754,5,8,50,2000,1,0.75,0.01,99,99,97,94,85,82,56,54
2754,5,8,50,2000,1,0.75,P,99,99,97,94,81,78,36,34
2754,5,8,50,2000,1,0.75,R,99,99,97,90,84,51,0,0
2754,5,8,50,2000,1,1,0.001,99,99,89,87,42,40,0,0
2754,5,8,50,2000,1,1,0.01,99,99,89,87,42,40,0,0
2754,5,8,50,2000,1,1,P,99,99,89,87,39,37,0,0
2754,5,8,50,2000,1,1,R,99,99,89,83,39,23,0,0
2755,5,8,50,2000,1,0.5,0.001,100,99,99,96,91,86,76,71
2755,5,8,50,2000,1,0.5,0.01,100,99,99,96,93,87,88,83
2755,5,8,50,2000,1,0.5,P,100,99,99,95,95,89,76,70
2755,5,8,50,2000,1,0.5,R,100,99,99,92,95,56,0,0
2755,5,8,50,2000,1,0.75,0.001,99,99,95,92,63,60,8,7
2755,5,8,50,2000,1,0.75,0.01,99,99,95,92,63,60,12,11
2755,5,8,50,2000,1,0.75,P,99,99,95,92,63,60,4,3
2755,5,8,50,2000,1,0.75,R,99,99,95,88,70,42,0,0
2755,5,8,50,2000,1,1,0.001,99,99,83,81,13,12,0,0
2755,5,8,50,2000,1,1,0.01,99,99,83,81,12,11,0,0
2755,5,8,50,2000,1,1,P,99,99,83,81,20,19,0,0
2755,5,8,50,2000,1,1,R,99,99,83,78,16,9,0,0
2756,5,8,50,2000,1,0.5,0.001,100,99,99,96,91,85,80,77
2756,5,8,50,2000,1,0.5,0.01,100,99,99,96,91,86,76,73
2756,5,8,50,2000,1,0.5,P,100,99,99,95,85,80,72,67
2756,5,8,50,2000,1,0.5,R,100,99,99,92,94,56,0,0
2756,5,8,50,2000,1,0.75,0.001,100,99,96,93,58,56,20,19
2756,5,8,50,2000,1,0.75,0.01,100,99,96,93,60,58,20,19
2756,5,8,50,2000,1,0.75,P,100,99,96,93,65,63,28,27
2756,5,8,50,2000,1,0.75,R,100,99,96,89,65,39,0,0
2756,5,8,50,2000,1,1,0.001,99,99,86,83,17,16,0,0
2756,5,8,50,2000,1,1,0.01,99,99,86,83,17,16,0,0
2756,5,8,50,2000,1,1,P,99,99,86,83,17,16,0,0
2756,5,8,50,2000,1,1,R,99,99,86,80,15,9,0,0
2757,5,8,50,2000,1,0.5,0.001,100,99,99,96,97,93,96,92
2757,5,8,50,2000,1,0.5,0.01,100,99,99,96,97,93,96,92
2757,5,8,50,2000,1,0.5,P,100,99,99,96,97,93,92,88
2757,5,8,50,2000,1,0.5,R,100,99,99,93,99,60,0,0
2757,5,8,50,2000,1,0.75,0.001,100,99,99,96,85,82,60,58
2757,5,8,50,2000,1,0.75,0.01,100,99,99,96,84,81,60,58
2757,5,8,50,2000,1,0.75,P,100,99,99,96,87,84,60,58
2757,5,8,50,2000,1,0.75,R,100,99,99,92,90,55,0,0
2757,5,8,50,2000,1,1,0.001,99,99,93,90,47,45,0,0
2757,5,8,50,2000,1,1,0.01,99,99,93,90,47,45,0,0
2757,5,8,50,2000,1,1,P,99,99,93,90,49,47,0,0
2757,5,8,50,2000,1,1,R,99,99,93,86,47,29,0,0
2758,5,8,50,2000,1,0.5,0.001,100,99,100,96,93,89,80,76
2758,5,8,50,2000,1,0.5,0.01,100,99,100,96,93,89,76,72
2758,5,8,50,2000,1,0.5,P,100,99,100,96,92,88,92,88
2758,5,8,50,2000,1,0.5,R,100,99,100,92,97,57,4,1
2758,5,8,50,2000,1,0.75,0.001,100,99,98,95,74,71,28,27
2758,5,8,50,2000,1,0.75,0.01,100,99,98,95,74,71,28,27
2758,5,8,50,2000,1,0.75,P,100,99,98,94,78,75,48,46
2758,5,8,50,2000,1,0.75,R,100,99,98,91,74,45,0,0
2758,5,8,50,2000,1,1,0.001,99,99,90,87,28,27,0,0
2758,5,8,50,2000,1,1,0.01,99,99,90,87,27,26,0,0
2758,5,8,50,2000,1,1,P,99,99,90,87,32,31,0,0
2758,5,8,50,2000,1,1,R,99,99,90,84,34,21,0,0
2759,5,8,50,2000,1,0.5,0.001,100,99,100,96,97,93,92,88
2759,5,8,50,2000,1,0.5,0.01,100,99,100,96,98,94,96,92
2759,5,8,50,2000,1,0.5,P,100,99,100,96,97,92,88,83
2759,5,8,50,2000,1,0.5,R,100,99,100,92,96,56,0,0
2759,5,8,50,2000,1,0.75,0.001,99,99,96,93,81,78,36,34
2759,5,8,50,2000,1,0.75,0.01,99,99,96,93,83,80,48,46
2759,5,8,50,2000,1,0.75,P,99,99,96,93,76,73,24,23
2759,5,8,50,2000,1,0.75,R,99,99,96,89,81,48,0,0
2759,5,8,50,2000,1,1,0.001,99,99,88,85,30,29,0,0
2759,5,8,50,2000,1,1,0.01,99,99,88,85,31,30,0,0
2759,5,8,50,2000,1,1,P,99,99,88,85,30,29,0,0
2759,5,8,50,2000,1,1,R,99,99,88,82,25,15,0,0
2760,5,8,50,2000,1,0.5,0.001,100,99,100,96,97,92,92,88
2760,5,8,50,2000,1,0.5,0.01,100,99,100,96,96,91,96,91
2760,5,8,50,2000,1,0.5,P,100,99,100,96,95,90,92,87
2760,5,8,50,2000,1,0.5,R,100,99,100,92,100,60,0,0
2760,5,8,50,2000,1,0.75,0.001,100,99,97,94,80,77,40,38
2760,5,8,50,2000,1,0.75,0.01,100,99,97,94,79,76,36,34
2760,5,8,50,2000,1,0.75,P,100,99,97,94,87,83,48,46
2760,5,8,50,2000,1,0.75,R,100,99,97,90,84,51,0,0
2760,5,8,50,2000,1,1,0.001,99,99,88,85,34,33,0,0
2760,5,8,50,2000,1,1,0.01,99,99,88,85,35,34,0,0
2760,5,8,50,2000,1,1,P,99,99,88,85,35,34,0,0
2760,5,8,50,2000,1,1,R,99,99,88,82,32,19,0,0
2761,5,8,50,2000,1,0.5,0.001,100,99,99,95,97,92,88,84
2761,5,8,50,2000,1,0.5,0.01,100,99,99,95,96,91,92,87
2761,5,8,50,2000,1,0.5,P,100,99,99,95,94,89,88,83
2761,5,8,50,2000,1,0.5,R,100,99,99,91,91,55,0,0
2761,5,8,50,2000,1,0.75,0.001,100,99,95,92,73,70,28,27
2761,5,8,50,2000,1,0.75,0.01,100,99,95,92,71,68,28,26
2761,5,8,50,2000,1,0.75,P,100,99,95,91,71,68,16,15
2761,5,8,50,2000,1,0.75,R,100,99,95,88,75,46,0,0
2761,5,8,50,2000,1,1,0.001,99,99,85,82,22,21,0,0
2761,5,8,50,2000,1,1,0.01,99,99,85,82,22,21,0,0
2761,5,8,50,2000,1,1,P,99,99,85,82,23,22,0,0
2761,5,8,50,2000,1,1,R,99,99,85,79,25,15,0,0
2762,5,8,50,2000,1,0.5,0.001,100,99,99,95,97,93,96,91
2762,5,8,50,2000,1,0.5,0.01,100,99,99,95,97,93,88,84
2762,5,8,50,2000,1,0.5,P,100,99,99,95,97,92,92,86
2762,5,8,50,2000,1,0.5,R,100,99,99,91,93,55,0,0
2762,5,8,50,2000,1,0.75,0.001,99,99,96,93,80,77,44,42
2762,5,8,50,2000,1,0.75,0.01,99,99,96,93,81,78,44,42
2762,5,8,50,2000,1,0.75,P,99,99,96,93,77,74,28,27
2762,5,8,50,2000,1,0.75,R,99,99,96,89,68,42,0,0
2762,5,8,50,2000,1,1,0.001,99,99,84,82,27,26,0,0
2762,5,8,50,2000,1,1,0.01,99,99,84,82,26,25,0,0
2762,5,8,50,2000,1,1,P,99,99,84,82,29,28,0,0
2762,5,8,50,2000,1,1,R,99,99,84,79,19,11,0,0
2763,5,8,50,2000,1,0.5,0.001,100,99,99,96,96,92,88,83
2763,5,8,50,2000,1,0.5,0.01,100,99,99,96,98,93,92,88
2763,5,8,50,2000,1,0.5,P,100,99,99,96,99,94,84,80
2763,5,8,50,2000,1,0.5,R,100,99,99,92,97,58,0,0
2763,5,8,50,2000,1,0.75,0.001,100,99,97,93,81,78,20,19
2763,5,8,50,2000,1,0.75,0.01,100,99,97,93,81,78,28,27
2763,5,8,50,2000,1,0.75,P,100,99,97,93,84,80,44,42
2763,5,8,50,2000,1,0.75,R,100,99,97,90,75,45,0,0
2763,5,8,50,2000,1,1,0.001,99,99,84,81,27,26,0,0
2763,5,8,50,2000,1,1,0.01,99,99,84,81,26,25,0,0
2763,5,8,50,2000,1,1,P,99,99,84,81,26,25,0,0
2763,5,8,50,2000,1,1,R,99,99,84,78,25,15,0,0
2764,5,8,50,2000,1,0.5,0.001,100,99,99,96,98,92,88,83
2764,5,8,50,2000,1,0.5,0.01,100,99,99,96,97,91,88,83
2764,5,8,50,2000,1,0.5,P,100,99,99,96,96,91,88,84
2764,5,8,50,2000,1,0.5,R,100,99,99,92,99,58,4,1
2764,5,8,50,2000,1,0.75,0.001,99,99,98,95,75,71,16,15
2764,5,8,50,2000,1,0.75,0.01,99,99,98,95,76,73,24,23
2764,5,8,50,2000,1,0.75,P,99,99,98,95,76,73,24,23
2764,5,8,50,2000,1,0.75,R,99,99,98,91,85,51,0,0
2764,5,8,50,2000,1,1,0.001,99,99,90,87,29,28,0,0
2764,5,8,50,2000,1,1,0.01,99,99,90,87,30,29,0,0
2764,5,8,50,2000,1,1,P,99,99,90,87,33,32,0,0
2764,5,8,50,2000,1,1,R,99,99,90,84,34,20,0,0
2765,5,8,50,2000,1,0.5,0.001,100,99,99,96,96,91,84,80
2765,5,8,50,2000,1,0.5,0.01,100,99,99,96,94,90,84,80
2765,5,8,50,2000,1,0.5,P,100,99,99,96,93,89,88,83
2765,5,8,50,2000,1,0.5,R,100,99,99,92,98,58,0,0
2765,5,8,50,2000,1,0.75,0.001,100,99,97,94,81,78,40,38
2765,5,8,50,2000,1,0.75,0.01,100,99,97,94,79,76,32,31
2765,5,8,50,2000,1,0.75,P,100,99,97,94,78,75,28,27
2765,5,8,50,2000,1,0.75,R,100,99,97,90,69,42,0,0
2765,5,8,50,2000,1,1,0.001,100,99,89,87,33,32,0,0
2765,5,8,50,2000,1,1,0.01,100,99,89,87,32,31,0,0
2765,5,8,50,2000,1,1,P,100,99,89,87,36,35,0,0
2765,5,8,50,2000,1,1,R,100,99,89,84,30,18,0,0
2766,5,8,50,2000,1,0.5,0.001,99,99,99,95,96,92,96,92
2766,5,8,50,2000,1,0.5,0.01,99,99,99,95,96,92,92,88
2766,5,8,50,2000,1,0.5,P,99,99,99,95,97,93,96,91
2766,5,8,50,2000,1,0.5,R,99,99,99,92,98,58,0,0
2766,5,8,50,2000,1,0.75,0.001,99,99,98,95,87,84,52,50
2766,5,8,50,2000,1,0.75,0.01,99,99,98,95,86,83,56,54
2766,5,8,50,2000,1,0.75,P,99,99,98,95,87,84,44,42
2766,5,8,50,2000,1,0.75,R,99,99,98,91,86,52,0,0
2766,5,8,50,2000,1,1,0.001,99,99,89,86,39,38,0,0
2766,5,8,50,2000,1,1,0.01,99,99,89,86,39,38,0,0
2766,5,8,50,2000,1,1,P,99,99,89,86,37,36,0,0
2766,5,8,50,2000,1,1,R,99,99,89,83,35,21,0,0
2767,5,8,50,2000,1,0.5,0.001,100,99,99,95,97,93,88,84
2767,5,8,50,2000,1,0.5,0.01,100,99,99,95,98,93,96,91
2767,5,8,50,2000,1,0.5,P,100,99,99,94,95,89,76,70
2767,5,8,50,2000,1,0.5,R,100,99,99,91,94,57,0,0
2767,5,8,50,2000,1,0.75,0.001,100,99,95,91,72,69,16,15
2767,5,8,50,2000,1,0.75,0.01,100,99,95,91,74,71,20,19
2767,5,8,50,2000,1,0.75,P,100,99,95,91,69,66,8,7
2767,5,8,50,2000,1,0.75,R,100,99,95,88,70,43,0,0
2767,5,8,50,2000,1,1,0.001,99,99,78,75,16,15,0,0
2767,5,8,50,2000,1,1,0.01,99,99,78,75,17,16,0,0
2767,5,8,50,2000,1,1,P,99,99,78,75,11,10,0,0
2767,5,8,50,2000,1,1,R,99,99,78,73,19,11,0,0
2768,5,8,50,2000,1,0.5,0.001,99,99,99,95,94,90,80,76
2768,5,8,50,2000,1,0.5,0.01,99,99,99,95,93,89,76,71
2768,5,8,50,2000,1,0.5,P,99,99,99,95,95,90,84,79
2768,5,8,50,2000,1,0.5,R,99,99,99,91,95,56,0,0
2768,5,8,50,2000,1,0.75,0.001,99,99,96,92,69,67,20,19
2768,5,8,50,2000,1,0.75,0.01,99,99,96,92,70,67,20,19
2768,5,8,50,2000,1,0.75,P,99,99,96,92,71,68,16,15
2768,5,8,50,2000,1,0.75,R,99,99,96,89,72,43,0,0
2768,5,8,50,2000,1,1,0.001,99,99,86,83,22,21,0,0
2768,5,8,50,2000,1,1,0.01,99,99,86,83,22,21,0,0
2768,5,8,50,2000,1,1,P,99,99,86,83,25,24,0,0
2768,5,8,50,2000,1,1,R,99,99,86,80,26,15,0,0
2769,5,8,50,2000,1,0.5,0.001,100,99,99,96,96,91,100,96
2769,5,8,50,2000,1,0.5,0.01,100,99,99,96,96,91,92,88
2769,5,8,50,2000,1,0.5,P,100,99,99,95,95,90,88,84
2769,5,8,50,2000,1,0.5,R,100,99,99,92,98,58,0,0
2769,5,8,50,2000,1,0.75,0.001,100,99,97,94,75,72,40,38
2769,5,8,50,2000,1,0.75,0.01,100,99,97,94,73,71,32,30
2769,5,8,50,2000,1,0.75,P,100,99,97,94,82,79,44,42
2769,5,8,50,2000,1,0.75,R,100,99,97,90,76,46,0,0
2769,5,8,50,2000,1,1,0.001,99,99,90,87,40,39,0,0
2769,5,8,50,2000,1,1,0.01,99,99,90,87,41,40,0,0
2769,5,8,50,2000,1,1,P,99,99,90,87,44,42,0,0
2769,5,8,50,2000,1,1,R,99,99,90,84,31,19,0,0
2770,5,8,50,2000,1,0.5,0.001,100,99,99,95,94,89,72,68
2770,5,8,50,2000,1,0.5,0.01,100,99,99,95,94,89,80,75
2770,5,8,50,2000,1,0.5,P,100,99,99,95,98,92,84,80
2770,5,8,50,2000,1,0.5,R,100,99,99,91,95,55,0,0
2770,5,8,50,2000,1,0.75,0.001,100,99,95,92,74,71,32,30
2770,5,8,50,2000,1,0.75,0.01,100,99,95,92,74,71,20,19
2770,5,8,50,2000,1,0.75,P,100,99,95,92,75,72,20,19
2770,5,8,50,2000,1,0.75,R,100,99,95,88,63,38,0,0
2770,5,8,50,2000,1,1,0.001,99,99,86,83,20,19,0,0
2770,5,8,50,2000,1,1,0.01,99,99,86,83,19,18,0,0
2770,5,8,50,2000,1,1,P,99,99,86,83,23,22,0,0
2770,5,8,50,2000,1,1,R,99,99,86,80,24,14,0,0
2771,5,8,50,2000,1,0.5,0.001,100,99,100,96,98,94,92,88
2771,5,8,50,2000,1,0.5,0.01,100,99,100,96,98,94,96,92
2771,5,8,50,2000,1,0.5,P,100,99,100,96,99,95,96,92
2771,5,8,50,2000,1,0.5,R,100,99,100,92,99,59,0,0
2771,5,8,50,2000,1,0.75,0.001,100,99,98,95,88,85,64,61
2771,5,8,50,2000,1,0.75,0.01,100,99,98,95,87,84,60,58
2771,5,8,50,2000,1,0.75,P,100,99,98,95,86,83,48,46
2771,5,8,50,2000,1,0.75,R,100,99,98,91,85,51,0,0
2771,5,8,50,2000,1,1,0.001,99,99,89,86,39,38,0,0
2771,5,8,50,2000,1,1,0.01,99,99,89,86,39,38,0,0
2771,5,8,50,2000,1,1,P,99,99,89,86,35,34,0,0
2771,5,8,50,2000,1,1,R,99,99,89,83,34,21,0,0
2772,5,8,50,2000,1,0.5,0.001,100,99,99,95,93,88,76,72
2772,5,8,50,2000,1,0.5,0.01,100,99,99,95,92,87,88,83
2772,5,8,50,2000,1,0.5,P,100,99,99,95,93,88,80,76
2772,5,8,50,2000,1,0.5,R,100,99,99,91,96,57,0,0
2772,5,8,50,2000,1,0.75,0.001,100,99,96,93,65,62,20,19
2772,5,8,50,2000,1,0.75,0.01,100,99,96,93,69,66,16,15
2772,5,8,50,2000,1,0.75,P,100,99,96,93,73,70,28,27
2772,5,8,50,2000,1,0.75,R,100,99,96,89,72,43,0,0
2772,5,8,50,2000,1,1,0.001,99,99,84,81,15,14,0,0
2772,5,8,50,2000,1,1,0.01,99,99,84,81,15,14,0,0
2772,5,8,50,2000,1,1,P,99,99,84,81,19,18,0,0
2772,5,8,50,2000,1,1,R,99,99,84,78,17,10,0,0
2773,5,8,50,2000,1,0.5,0.001,100,99,99,95,98,94,88,83
2773,5,8,50,2000,1,0.5,0.01,100,99,99,95,97,93,92,87
2773,5,8,50,2000,1,0.5,P,100,99,99,95,94,89,80,76
2773,5,8,50,2000,1,0.5,R,100,99,99,91,96,57,0,0
2773,5,8,50,2000,1,0.75,0.001,100,99,95,91,69,67,20,19
2773,5,8,50,2000,1,0.75,0.01,100,99,95,91,69,67,16,15
2773,5,8,50,2000,1,0.75,P,100,99,95,91,71,68,24,23
2773,5,8,50,2000,1,0.75,R,100,99,95,88,73,44,0,0
2773,5,8,50,2000,1,1,0.001,99,99,84,81,24,23,0,0
2773,5,8,50,2000,1,1,0.01,99,99,84,81,24,23,0,0
2773,5,8,50,2000,1,1,P,99,99,84,81,20,19,0,0
2773,5,8,50,2000,1,1,R,99,99,84,78,23,14,0,0
2774,5,8,50,2000,1,0.5,0.001,100,99,100,96,97,93,88,84
2774,5,8,50,2000,1,0.5,0.01,100,99,100,96,98,93,96,91
2774,5,8,50,2000,1,0.5,P,100,99,100,96,97,93,92,88
2774,5,8,50,2000,1,0.5,R,100,99,100,93,99,60,0,0
2774,5,8,50,2000,1,0.75,0.001,99,99,98,95,81,78,44,42
2774,5,8,50,2000,1,0.75,0.01,99,99,98,95,84,81,48,46
2774,5,8,50,2000,1,0.75,P,99,99,98,95,89,86,64,62
2774,5,8,50,2000,1,0.75,R,99,99,98,91,85,52,0,0
2774,5,8,50,2000,1,1,0.001,99,99,92,89,36,35,0,0
2774,5,8,50,2000,1,1,0.01,99,99,92,89,39,38,0,0
2774,5,8,50,2000,1,1,P,99,99,92,89,46,44,0,0
2774,5,8,50,2000,1,1,R,99,99,92,86,41,25,0,0
2775,5,8,50,2000,1,0.5,0.001,100,99,100,96,91,87,84,79
2775,5,8,50,2000,1,0.5,0.01,100,99,100,96,94,89,84,79
2775,5,8,50,2000,1,0.5,P,100,99,100,96,93,87,68,63
2775,5,8,50,2000,1,0.5,R,100,99,100,92,97,58,0,0
2775,5,8,50,2000,1,0.75,0.001,100,99,96,93,70,68,20,19
2775,5,8,50,2000,1,0.75,0.01,100,99,96,93,69,67,20,19
2775,5,8,50,2000,1,0.75,P,100,99,96,93,72,69,16,15
2775,5,8,50,2000,1,0.75,R,100,99,96,89,74,45,0,0
2775,5,8,50,2000,1,1,0.001,99,99,89,86,30,29,0,0
2775,5,8,50,2000,1,1,0.01,99,99,89,86,29,28,0,0
2775,5,8,50,2000,1,1,P,99,99,89,86,30,29,0,0
2775,5,8,50,2000,1,1,R,99,99,89,83,27,16,0,0
2776,5,8,50,2000,0,0.5,0.001,98,97,97,91,78,70,16,14
2776,5,8,50,2000,0,0.5,0.01,98,97,97,91,81,73,24,21
2776,5,8,50,2000,0,0.5,P,98,97,97,91,71,64,24,20
2776,5,8,50,2000,0,0.5,R,98,97,97,87,60,32,0,0
2776,5,8,50,2000,0,0.75,0.001,98,97,92,86,40,37,0,0
2776,5,8,50,2000,0,0.75,0.01,98,97,92,86,40,37,0,0
2776,5,8,50,2000,0,0.75,P,98,97,92,86,31,29,0,0
2776,5,8,50,2000,0,0.75,R,98,97,92,82,16,8,0,0
2776,5,8,50,2000,0,1,0.001,98,97,68,64,0,0,0,0
2776,5,8,50,2000,0,1,0.01,98,97,68,64,0,0,0,0
2776,5,8,50,2000,0,1,P,98,97,68,64,0,0,0,0
2776,5,8,50,2000,0,1,R,98,97,68,61,0,0,0,0
2777,5,8,50,2000,0,0.5,0.001,99,97,94,87,65,59,16,13
2777,5,8,50,2000,0,0.5,0.01,99,97,94,87,67,61,16,12
2777,5,8,50,2000,0,0.5,P,99,97,94,87,65,59,24,20
2777,5,8,50,2000,0,0.5,R,99,97,94,83,45,23,0,0
2777,5,8,50,2000,0,0.75,0.001,99,97,86,80,21,19,0,0
2777,5,8,50,2000,0,0.75,0.01,99,97,86,80,21,20,0,0
2777,5,8,50,2000,0,0.75,P,99,97,86,80,23,21,0,0
2777,5,8,50,2000,0,0.75,R,99,97,86,76,9,4,0,0
2777,5,8,50,2000,0,1,0.001,98,97,58,54,0,0,0,0
2777,5,8,50,2000,0,1,0.01,98,97,58,54,0,0,0,0
2777,5,8,50,2000,0,1,P,98,97,58,54,0,0,0,0
2777,5,8,50,2000,0,1,R,98,97,58,52,0,0,0,0
2778,5,8,50,2000,0,0.5,0.001,98,96,96,88,69,62,20,17
2778,5,8,50,2000,0,0.5,0.01,98,96,96,88,71,63,32,27
2778,5,8,50,2000,0,0.5,P,98,96,96,88,72,63,16,14
2778,5,8,50,2000,0,0.5,R,98,96,96,84,51,27,0,0
2778,5,8,50,2000,0,0.75,0.001,98,96,84,78,23,22,0,0
2778,5,8,50,2000,0,0.75,0.01,98,96,84,78,24,22,0,0
2778,5,8,50,2000,0,0.75,P,98,96,84,78,24,22,0,0
2778,5,8,50,2000,0,0.75,R,98,96,84,75,12,6,0,0
2778,5,8,50,2000,0,1,0.001,98,96,53,50,0,0,0,0
2778,5,8,50,2000,0,1,0.01,98,96,53,50,0,0,0,0
2778,5,8,50,2000,0,1,P,98,96,53,50,0,0,0,0
2778,5,8,50,2000,0,1,R,98,96,53,47,0,0,0,0
2779,5,8,50,2000,0,0.5,0.001,98,97,96,89,76,70,36,31
2779,5,8,50,2000,0,0.5,0.01,98,97,96,89,75,70,56,46
2779,5,8,50,2000,0,0.5,P,98,97,96,89,74,67,28,25
2779,5,8,50,2000,0,0.5,R,98,97,96,84,50,27,4,1
2779,5,8,50,2000,0,0.75,0.001,98,97,90,83,40,38,0,0
2779,5,8,50,2000,0,0.75,0.01,98,97,90,83,36,34,4,3
2779,5,8,50,2000,0,0.75,P,98,97,90,83,39,36,0,0
2779,5,8,50,2000,0,0.75,R,98,97,90,79,17,10,0,0
2779,5,8,50,2000,0,1,0.001,98,96,63,58,0,0,0,0
2779,5,8,50,2000,0,1,0.01,98,96,63,58,0,0,0,0
2779,5,8,50,2000,0,1,P,98,96,63,58,2,1,0,0
2779,5,8,50,2000,0,1,R,98,96,63,56,2,0,0,0
2780,5,8,50,2000,0,0.5,0.001,99,97,97,89,74,67,40,31
2780,5,8,50,2000,0,0.5,0.01,99,97,97,89,74,67,28,23
2780,5,8,50,2000,0,0.5,P,99,97,97,89,80,68,20,17
2780,5,8,50,2000,0,0.5,R,99,97,97,85,51,26,0,0
2780,5,8,50,2000,0,0.75,0.001,98,97,90,83,36,33,0,0
2780,5,8,50,2000,0,0.75,0.01,98,97,90,83,34,32,0,0
2780,5,8,50,2000,0,0.75,P,98,97,90,83,34,32,0,0
2780,5,8,50,2000,0,0.75,R,98,97,90,79,13,7,0,0
2780,5,8,50,2000,0,1,0.001,98,97,63,59,2,2,0,0
2780,5,8,50,2000,0,1,0.01,98,97,63,59,2,2,0,0
2780,5,8,50,2000,0,1,P,98,97,63,59,1,1,0,0
2780,5,8,50,2000,0,1,R,98,97,63,56,0,0,0,0
2781,5,8,50,2000,0,0.5,0.001,98,97,97,90,66,61,16,15
2781,5,8,50,2000,0,0.5,0.01,98,97,97,90,67,62,16,15
2781,5,8,50,2000,0,0.5,P,98,97,97,90,72,65,20,17
2781,5,8,50,2000,0,0.5,R,98,97,97,86,50,25,0,0
2781,5,8,50,2000,0,0.75,0.001,98,97,88,82,30,28,0,0
2781,5,8,50,2000,0,0.75,0.01,98,97,88,82,28,26,0,0
2781,5,8,50,2000,0,0.75,P,98,97,88,82,30,27,0,0
2781,5,8,50,2000,0,0.75,R,98,97,88,78,14,8,0,0
2781,5,8,50,2000,0,1,0.001,98,96,56,52,0,0,0,0
2781,5,8,50,2000,0,1,0.01,98,96,56,52,0,0,0,0
2781,5,8,50,2000,0,1,P,98,96,56,52,0,0,0,0
2781,5,8,50,2000,0,1,R,98,96,56,50,0,0,0,0
2782,5,8,50,2000,0,0.5,0.001,99,97,97,89,75,67,28,25
2782,5,8,50,2000,0,0.5,0.01,99,97,97,89,72,65,32,26
2782,5,8,50,2000,0,0.5,P,99,97,97,90,72,64,20,15
2782,5,8,50,2000,0,0.5,R,99,97,97,85,56,28,0,0
2782,5,8,50,2000,0,0.75,0.001,99,97,92,85,36,34,0,0
2782,5,8,50,2000,0,0.75,0.01,99,97,92,85,35,33,0,0
2782,5,8,50,2000,0,0.75,P,99,97,92,85,30,28,0,0
2782,5,8,50,2000,0,0.75,R,99,97,92,81,14,7,0,0
2782,5,8,50,2000,0,1,0.001,98,97,64,59,1,1,0,0
2782,5,8,50,2000,0,1,0.01,98,97,64,59,2,2,0,0
2782,5,8,50,2000,0,1,P,98,97,64,59,2,1,0,0
2782,5,8,50,2000,0,1,R,98,97,64,56,0,0,0,0
2783,5,8,50,2000,0,0.5,0.001,98,96,94,87,66,58,16,13
2783,5,8,50,2000,0,0.5,0.01,98,96,94,87,63,56,20,17
2783,5,8,50,2000,0,0.5,P,98,96,94,87,59,52,4,2
2783,5,8,50,2000,0,0.5,R,98,96,94,83,50,25,0,0
2783,5,8,50,2000,0,0.75,0.001,98,96,85,80,21,19,0,0
2783,5,8,50,2000,0,0.75,0.01,98,96,85,80,21,19,0,0
2783,5,8,50,2000,0,0.75,P,98,96,85,79,23,21,0,0
2783,5,8,50,2000,0,0.75,R,98,96,85,76,18,9,0,0
2783,5,8,50,2000,0,1,0.001,97,96,49,46,0,0,0,0
2783,5,8,50,2000,0,1,0.01,97,96,49,46,0,0,0,0
2783,5,8,50,2000,0,1,P,97,96,49,46,0,0,0,0
2783,5,8,50,2000,0,1,R,97,96,49,44,0,0,0,0
2784,5,8,50,2000,0,0.5,0.001,98,97,97,89,66,58,20,16
2784,5,8,50,2000,0,0.5,0.01,98,97,97,89,66,58,12,10
2784,5,8,50,2000,0,0.5,P,98,97,97,89,63,55,8,5
2784,5,8,50,2000,0,0.5,R,98,97,97,85,45,24,0,0
2784,5,8,50,2000,0,0.75,0.001,98,97,90,84,28,25,0,0
2784,5,8,50,2000,0,0.75,0.01,98,97,90,84,25,23,0,0
2784,5,8,50,2000,0,0.75,P,98,97,90,84,27,25,0,0
2784,5,8,50,2000,0,0.75,R,98,97,90,80,14,8,0,0
2784,5,8,50,2000,0,1,0.001,97,96,56,52,1,1,0,0
2784,5,8,50,2000,0,1,0.01,97,96,56,52,1,1,0,0
2784,5,8,50,2000,0,1,P,97,96,56,51,1,1,0,0
2784,5,8,50,2000,0,1,R,97,96,56,49,0,0,0,0
2785,5,8,50,2000,0,0.5,0.001,98,97,96,89,76,68,32,27
2785,5,8,50,2000,0,0.5,0.01,98,97,96,89,78,70,40,34
2785,5,8,50,2000,0,0.5,P,98,97,96,89,85,75,24,21
2785,5,8,50,2000,0,0.5,R,98,97,96,85,69,35,0,0
2785,5,8,50,2000,0,0.75,0.001,98,97,91,85,42,38,0,0
2785,5,8,50,2000,0,0.75,0.01,98,97,91,85,42,38,0,0
2785,5,8,50,2000,0,0.75,P,98,97,91,85,42,38,0,0
2785,5,8,50,2000,0,0.75,R,98,97,91,81,23,12,0,0
2785,5,8,50,2000,0,1,0.001,98,96,65,61,2,2,0,0
2785,5,8,50,2000,0,1,0.01,98,96,65,61,2,2,0,0
2785,5,8,50,2000,0,1,P,98,96,65,61,2,2,0,0
2785,5,8,50,2000,0,1,R,98,96,65,58,2,1,0,0
2786,5,8,50,2000,0,0.5,0.001,98,97,95,87,75,65,32,27
2786,5,8,50,2000,0,0.5,0.01,98,97,95,87,78,68,32,28
2786,5,8,50,2000,0,0.5,P,98,97,95,88,72,62,24,19
2786,5,8,50,2000,0,0.5,R,98,97,95,83,52,27,0,0
2786,5,8,50,2000,0,0.75,0.001,98,97,89,83,27,24,0,0
2786,5,8,50,2000,0,0.75,0.01,98,97,89,83,28,25,0,0
2786,5,8,50,2000,0,0.75,P,98,97,89,83,34,30,0,0
2786,5,8,50,2000,0,0.75,R,98,97,89,79,14,7,0,0
2786,5,8,50,2000,0,1,0.001,98,97,59,54,0,0,0,0
2786,5,8,50,2000,0,1,0.01,98,97,59,54,1,1,0,0
2786,5,8,50,2000,0,1,P,98,97,59,54,0,0,0,0
2786,5,8,50,2000,0,1,R,98,97,59,52,0,0,0,0
2787,5,8,50,2000,0,0.5,0.001,98,97,97,88,76,69,36,31
2787,5,8,50,2000,0,0.5,0.01,98,97,97,88,80,72,52,47
2787,5,8,50,2000,0,0.5,P,98,97,97,88,69,61,24,20
2787,5,8,50,2000,0,0.5,R,98,97,97,84,58,30,0,0
2787,5,8,50,2000,0,0.75,0.001,98,97,91,83,36,33,0,0
2787,5,8,50,2000,0,0.75,0.01,98,97,91,83,37,34,4,3
2787,5,8,50,2000,0,0.75,P,98,97,91,83,37,35,8,6
2787,5,8,50,2000,0,0.75,R,98,97,91,80,20,10,0,0
2787,5,8,50,2000,0,1,0.001,98,97,67,62,1,0,0,0
2787,5,8,50,2000,0,1,0.01,98,97,67,62,1,0,0,0
2787,5,8,50,2000,0,1,P,98,97,67,62,3,2,0,0
2787,5,8,50,2000,0,1,R,98,97,67,59,3,1,0,0
2788,5,8,50,2000,0,0.5,0.001,98,97,94,86,73,65,24,20
2788,5,8,50,2000,0,0.5,0.01,98,97,94,86,72,65,28,24
2788,5,8,50,2000,0,0.5,P,98,97,94,86,64,57,20,15
2788,5,8,50,2000,0,0.5,R,98,97,94,82,51,26,0,0
2788,5,8,50,2000,0,0.75,0.001,98,97,85,79,28,25,0,0
2788,5,8,50,2000,0,0.75,0.01,98,97,85,79,28,26,0,0
2788,5,8,50,2000,0,0.75,P,98,97,85,79,27,24,0,0
2788,5,8,50,2000,0,0.75,R,98,97,85,75,12,6,0,0
2788,5,8,50,2000,0,1,0.001,98,97,58,53,0,0,0,0
2788,5,8,50,2000,0,1,0.01,98,97,58,53,0,0,0,0
2788,5,8,50,2000,0,1,P,98,97,58,53,0,0,0,0
2788,5,8,50,2000,0,1,R,98,97,58,51,0,0,0,0
2789,5,8,50,2000,0,0.5,0.001,99,97,96,89,63,56,12,10
2789,5,8,50,2000,0,0.5,0.01,99,97,96,89,70,62,16,14
2789,5,8,50,2000,0,0.5,P,99,97,96,89,68,60,12,9
2789,5,8,50,2000,0,0.5,R,99,97,96,85,48,23,0,0
2789,5,8,50,2000,0,0.75,0.001,99,97,92,85,36,33,0,0
2789,5,8,50,2000,0,0.75,0.01,99,97,92,85,34,31,0,0
2789,5,8,50,2000,0,0.75,P,99,97,92,85,35,31,0,0
2789,5,8,50,2000,0,0.75,R,99,97,92,81,12,6,0,0
2789,5,8,50,2000,0,1,0.001,98,97,61,57,0,0,0,0
2789,5,8,50,2000,0,1,0.01,98,97,61,57,0,0,0,0
2789,5,8,50,2000,0,1,P,98,97,61,56,0,0,0,0
2789,5,8,50,2000,0,1,R,98,97,61,54,0,0,0,0
2790,5,8,50,2000,0,0.5,0.001,98,97,96,88,72,64,16,12
2790,5,8,50,2000,0,0.5,0.01,98,97,96,88,71,63,32,27
2790,5,8,50,2000,0,0.5,P,98,97,96,88,65,57,24,18
2790,5,8,50,2000,0,0.5,R,98,97,96,83,51,26,0,0
2790,5,8,50,2000,0,0.75,0.001,98,97,87,80,21,20,0,0
2790,5,8,50,2000,0,0.75,0.01,98,97,87,80,20,19,0,0
2790,5,8,50,2000,0,0.75,P,98,97,87,80,27,25,0,0
2790,5,8,50,2000,0,0.75,R,98,97,87,76,12,6,0,0
2790,5,8,50,2000,0,1,0.001,98,96,55,50,1,0,0,0
2790,5,8,50,2000,0,1,0.01,98,96,55,50,1,0,0,0
2790,5,8,50,2000,0,1,P,98,96,55,50,1,0,0,0
2790,5,8,50,2000,0,1,R,98,96,55,48,0,0,0,0
2791,5,8,50,2000,0,0.5,0.001,98,97,97,89,77,71,28,26
2791,5,8,50,2000,0,0.5,0.01,98,97,97,89,77,71,24,22
2791,5,8,50,2000,0,0.5,P,98,97,97,89,72,65,24,22
2791,5,8,50,2000,0,0.5,R,98,97,97,85,50,28,0,0
2791,5,8,50,2000,0,0.75,0.001,98,97,88,82,32,30,0,0
2791,5,8,50,2000,0,0.75,0.01,98,97,88,82,34,32,0,0
2791,5,8,50,2000,0,0.75,P,98,97,88,82,27,25,0,0
2791,5,8,50,2000,0,0.75,R,98,97,88,79,16,10,0,0
2791,5,8,50,2000,0,1,0.001,98,97,61,57,0,0,0,0
2791,5,8,50,2000,0,1,0.01,98,97,61,57,0,0,0,0
2791,5,8,50,2000,0,1,P,98,97,61,57,0,0,0,0
2791,5,8,50,2000,0,1,R,98,97,61,54,0,0,0,0
2792,5,8,50,2000,0,0.5,0.001,98,97,93,86,67,60,16,12
2792,5,8,50,2000,0,0.5,0.01,98,97,93,86,70,62,20,16
2792,5,8,50,2000,0,0.5,P,98,97,93,86,77,66,28,24
2792,5,8,50,2000,0,0.5,R,98,97,93,82,45,23,0,0
2792,5,8,50,2000,0,0.75,0.001,98,97,83,77,23,21,0,0
2792,5,8,50,2000,0,0.75,0.01,98,97,83,77,20,18,0,0
2792,5,8,50,2000,0,0.75,P,98,97,83,77,22,20,0,0
2792,5,8,50,2000,0,0.75,R,98,97,83,73,8,4,0,0
2792,5,8,50,2000,0,1,0.001,98,96,55,51,0,0,0,0
2792,5,8,50,2000,0,1,0.01,98,96,55,51,0,0,0,0
2792,5,8,50,2000,0,1,P,98,96,55,51,0,0,0,0
2792,5,8,50,2000,0,1,R,98,96,55,48,0,0,0,0
2793,5,8,50,2000,0,0.5,0.001,98,97,97,90,76,68,24,20
2793,5,8,50,2000,0,0.5,0.01,98,97,97,90,76,68,32,26
2793,5,8,50,2000,0,0.5,P,98,97,97,90,71,62,20,16
2793,5,8,50,2000,0,0.5,R,98,97,97,86,52,27,0,0
2793,5,8,50,2000,0,0.75,0.001,98,97,87,81,26,24,0,0
2793,5,8,50,2000,0,0.75,0.01,98,97,87,81,22,21,0,0
2793,5,8,50,2000,0,0.75,P,98,97,87,81,24,22,0,0
2793,5,8,50,2000,0,0.75,R,98,97,87,78,9,5,0,0
2793,5,8,50,2000,0,1,0.001,98,96,60,55,0,0,0,0
2793,5,8,50,2000,0,1,0.01,98,96,60,55,0,0,0,0
2793,5,8,50,2000,0,1,P,98,96,60,55,0,0,0,0
2793,5,8,50,2000,0,1,R,98,96,60,53,0,0,0,0
2794,5,8,50,2000,0,0.5,0.001,99,97,95,88,69,62,32,29
2794,5,8,50,2000,0,0.5,0.01,99,97,95,88,72,64,20,18
2794,5,8,50,2000,0,0.5,P,99,97,95,88,65,57,20,18
2794,5,8,50,2000,0,0.5,R,99,97,95,84,50,25,0,0
2794,5,8,50,2000,0,0.75,0.001,98,97,88,82,30,27,0,0
2794,5,8,50,2000,0,0.75,0.01,98,97,88,82,29,26,0,0
2794,5,8,50,2000,0,0.75,P,98,97,88,82,27,24,0,0
2794,5,8,50,2000,0,0.75,R,98,97,88,79,11,5,0,0
2794,5,8,50,2000,0,1,0.001,98,97,57,53,2,2,0,0
2794,5,8,50,2000,0,1,0.01,98,97,57,53,2,2,0,0
2794,5,8,50,2000,0,1,P,98,97,57,53,0,0,0,0
2794,5,8,50,2000,0,1,R,98,97,57,50,0,0,0,0
2795,5,8,50,2000,0,0.5,0.001,98,97,98,90,72,66,20,17
2795,5,8,50,2000,0,0.5,0.01,98,97,98,90,71,66,32,29
2795,5,8,50,2000,0,0.5,P,98,97,98,90,73,65,28,23
2795,5,8,50,2000,0,0.5,R,98,97,98,86,57,29,0,0
2795,5,8,50,2000,0,0.75,0.001,98,97,89,83,43,40,0,0
2795,5,8,50,2000,0,0.75,0.01,98,97,89,83,46,43,0,0
2795,5,8,50,2000,0,0.75,P,98,97,89,83,37,34,0,0
2795,5,8,50,2000,0,0.75,R,98,97,89,80,14,7,0,0
2795,5,8,50,2000,0,1,0.001,97,96,61,57,2,1,0,0
2795,5,8,50,2000,0,1,0.01,97,96,61,57,2,1,0,0
2795,5,8,50,2000,0,1,P,97,96,61,57,4,3,0,0
2795,5,8,50,2000,0,1,R,97,96,61,54,1,0,0,0
2796,5,8,50,2000,0,0.5,0.001,98,97,96,89,68,59,12,10
2796,5,8,50,2000,0,0.5,0.01,98,97,96,89,72,62,16,13
2796,5,8,50,2000,0,0.5,P,98,97,96,89,71,62,28,24
2796,5,8,50,2000,0,0.5,R,98,97,96,85,52,27,0,0
2796,5,8,50,2000,0,0.75,0.001,98,97,87,81,22,20,0,0
2796,5,8,50,2000,0,0.75,0.01,98,97,87,81,21,19,0,0
2796,5,8,50,2000,0,0.75,P,98,97,87,81,24,22,0,0
2796,5,8,50,2000,0,0.75,R,98,97,87,78,15,8,0,0
2796,5,8,50,2000,0,1,0.001,98,97,58,54,1,0,0,0
2796,5,8,50,2000,0,1,0.01,98,97,58,54,1,0,0,0
2796,5,8,50,2000,0,1,P,98,97,58,54,1,0,0,0
2796,5,8,50,2000,0,1,R,98,97,58,51,0,0,0,0
2797,5,8,50,2000,0,0.5,0.001,98,97,95,88,67,59,8,5
2797,5,8,50,2000,0,0.5,0.01,98,97,95,88,70,61,8,7
2797,5,8,50,2000,0,0.5,P,98,97,95,88,66,57,12,10
2797,5,8,50,2000,0,0.5,R,98,97,95,84,54,28,0,0
2797,5,8,50,2000,0,0.75,0.001,98,97,88,82,25,23,0,0
2797,5,8,50,2000,0,0.75,0.01,98,97,88,82,26,24,0,0
2797,5,8,50,2000,0,0.75,P,98,97,88,82,26,24,0,0
2797,5,8,50,2000,0,0.75,R,98,97,88,78,11,6,0,0
2797,5,8,50,2000,0,1,0.001,98,97,62,57,1,1,0,0
2797,5,8,50,2000,0,1,0.01,98,97,62,57,1,1,0,0
2797,5,8,50,2000,0,1,P,98,97,62,57,0,0,0,0
2797,5,8,50,2000,0,1,R,98,97,62,54,0,0,0,0
2798,5,8,50,2000,0,0.5,0.001,98,96,97,89,83,74,36,32
2798,5,8,50,2000,0,0.5,0.01,98,96,97,89,84,74,28,24
2798,5,8,50,2000,0,0.5,P,98,96,97,89,78,69,36,30
2798,5,8,50,2000,0,0.5,R,98,96,97,85,55,28,0,0
2798,5,8,50,2000,0,0.75,0.001,98,96,89,82,34,32,0,0
2798,5,8,50,2000,0,0.75,0.01,98,96,89,82,34,32,0,0
2798,5,8,50,2000,0,0.75,P,98,96,89,82,39,36,0,0
2798,5,8,50,2000,0,0.75,R,98,96,89,79,17,9,0,0
2798,5,8,50,2000,0,1,0.001,97,96,59,55,1,1,0,0
2798,5,8,50,2000,0,1,0.01,97,96,59,55,1,1,0,0
2798,5,8,50,2000,0,1,P,97,96,59,55,0,0,0,0
2798,5,8,50,2000,0,1,R,97,96,59,53,0,0,0,0
2799,5,8,50,2000,0,0.5,0.001,98,97,97,90,73,64,12,11
2799,5,8,50,2000,0,0.5,0.01,98,97,97,90,74,65,16,13
2799,5,8,50,2000,0,0.5,P,98,97,97,90,73,62,20,15
2799,5,8,50,2000,0,0.5,R,98,97,97,85,50,24,0,0
2799,5,8,50,2000,0,0.75,0.001,98,97,88,82,28,25,0,0
2799,5,8,50,2000,0,0.75,0.01,98,97,88,82,32,28,0,0
2799,5,8,50,2000,0,0.75,P,98,97,88,82,23,21,0,0
2799,5,8,50,2000,0,0.75,R,98,97,88,78,12,6,0,0
2799,5,8,50,2000,0,1,0.001,98,97,56,52,0,0,0,0
2799,5,8,50,2000,0,1,0.01,98,97,56,52,0,0,0,0
2799,5,8,50,2000,0,1,P,98,97,56,52,0,0,0,0
2799,5,8,50,2000,0,1,R,98,97,56,50,0,0,0,0
2800,5,8,50,2000,0,0.5,0.001,98,96,96,89,72,65,20,18
2800,5,8,50,2000,0,0.5,0.01,98,96,96,89,71,64,32,28
2800,5,8,50,2000,0,0.5,P,98,96,96,89,77,67,28,24
2800,5,8,50,2000,0,0.5,R,98,96,96,85,58,31,0,0
2800,5,8,50,2000,0,0.75,0.001,98,96,89,83,31,30,0,0
2800,5,8,50,2000,0,0.75,0.01,98,96,89,83,31,30,0,0
2800,5,8,50,2000,0,0.75,P,98,96,89,83,28,27,0,0
2800,5,8,50,2000,0,0.75,R,98,96,89,79,26,15,0,0
2800,5,8,50,2000,0,1,0.001,98,96,59,54,0,0,0,0
2800,5,8,50,2000,0,1,0.01,98,96,59,54,0,0,0,0
2800,5,8,50,2000,0,1,P,98,96,59,54,0,0,0,0
2800,5,8,50,2000,0,1,R,98,96,59,51,0,0,0,0